Anderson Acres, 
Anderson Asbury, 
Anderson Avalaire, 
Anderson Barton, 
Anderson Bridge, 
Anderson Brook, 
Anderson Carolina, 
Anderson Church, 
Anderson Club, 
Anderson Country, 
Anderson Creek, 
Anderson Crossgate, 
Anderson District, 
Anderson Estates, 
Anderson Forest, 
Anderson Gardens, 
Anderson Gate, 
Anderson Government, 
Anderson Grove, 
Anderson Hall, 
Anderson Haven, 
Anderson Hedingham, 
Anderson Heights, 
Anderson Hi-Mount, 
Anderson Hills, 
Anderson Hollow, 
Anderson Hope, 
Anderson Lake, 
Anderson Lakemont, 
Anderson Lane, 
Anderson Leesville, 
Anderson Manchester, 
Anderson Meadows, 
Anderson Medfield, 
Anderson Mill, 
Anderson Mount, 
Anderson North, 
Anderson Oakwood, 
Anderson Park, 
Anderson Parkland, 
Anderson Pinecrest, 
Anderson Pines, 
Anderson Place, 
Anderson Plantation, 
Anderson Pointe, 
Anderson Ridge, 
Anderson River, 
Anderson Skycrest, 
Anderson South, 
Anderson Square, 
Anderson Stonebridge, 
Anderson Stonehenge, 
Anderson Street, 
Anderson Summerfield, 
Anderson Tealbriar, 
Anderson Thorpshire, 
Anderson Timberlake, 
Anderson Trail, 
Anderson Trailwood, 
Anderson Tree, 
Anderson Tysonville, 
Anderson Umstead, 
Anderson Valley, 
Anderson Village, 
Anderson West, 
Anderson Westlake, 
Anderson Westover, 
Anderson Wheeler, 
Anderson Woodcrest, 
Anderson Woods, 
Asbury Acres, 
Asbury Asbury, 
Asbury Avalaire, 
Asbury Barton, 
Asbury Bridge, 
Asbury Brook, 
Asbury Carolina, 
Asbury Church, 
Asbury Club, 
Asbury Country, 
Asbury Creek, 
Asbury Crossgate, 
Asbury District, 
Asbury Estates, 
Asbury Forest, 
Asbury Gardens, 
Asbury Gate, 
Asbury Government, 
Asbury Grove, 
Asbury Hall, 
Asbury Haven, 
Asbury Hedingham, 
Asbury Heights, 
Asbury Hi-Mount, 
Asbury Hills, 
Asbury Hollow, 
Asbury Hope, 
Asbury Lake, 
Asbury Lakemont, 
Asbury Lane, 
Asbury Leesville, 
Asbury Manchester, 
Asbury Meadows, 
Asbury Medfield, 
Asbury Mill, 
Asbury Mount, 
Asbury North, 
Asbury Oakwood, 
Asbury Park, 
Asbury Parkland, 
Asbury Pinecrest, 
Asbury Pines, 
Asbury Place, 
Asbury Plantation, 
Asbury Pointe, 
Asbury Ridge, 
Asbury River, 
Asbury Skycrest, 
Asbury South, 
Asbury Square, 
Asbury Stonebridge, 
Asbury Stonehenge, 
Asbury Street, 
Asbury Summerfield, 
Asbury Tealbriar, 
Asbury Thorpshire, 
Asbury Timberlake, 
Asbury Trail, 
Asbury Trailwood, 
Asbury Tree, 
Asbury Tysonville, 
Asbury Umstead, 
Asbury Valley, 
Asbury Village, 
Asbury West, 
Asbury Westlake, 
Asbury Westover, 
Asbury Wheeler, 
Asbury Woodcrest, 
Asbury Woods, 
Avalaire Acres, 
Avalaire Asbury, 
Avalaire Avalaire, 
Avalaire Barton, 
Avalaire Bridge, 
Avalaire Brook, 
Avalaire Carolina, 
Avalaire Church, 
Avalaire Club, 
Avalaire Country, 
Avalaire Creek, 
Avalaire Crossgate, 
Avalaire District, 
Avalaire Estates, 
Avalaire Forest, 
Avalaire Gardens, 
Avalaire Gate, 
Avalaire Government, 
Avalaire Grove, 
Avalaire Hall, 
Avalaire Haven, 
Avalaire Hedingham, 
Avalaire Heights, 
Avalaire Hi-Mount, 
Avalaire Hills, 
Avalaire Hollow, 
Avalaire Hope, 
Avalaire Lake, 
Avalaire Lakemont, 
Avalaire Lane, 
Avalaire Leesville, 
Avalaire Manchester, 
Avalaire Meadows, 
Avalaire Medfield, 
Avalaire Mill, 
Avalaire Mount, 
Avalaire North, 
Avalaire Oakwood, 
Avalaire Park, 
Avalaire Parkland, 
Avalaire Pinecrest, 
Avalaire Pines, 
Avalaire Place, 
Avalaire Plantation, 
Avalaire Pointe, 
Avalaire Ridge, 
Avalaire River, 
Avalaire Skycrest, 
Avalaire South, 
Avalaire Square, 
Avalaire Stonebridge, 
Avalaire Stonehenge, 
Avalaire Street, 
Avalaire Summerfield, 
Avalaire Tealbriar, 
Avalaire Thorpshire, 
Avalaire Timberlake, 
Avalaire Trail, 
Avalaire Trailwood, 
Avalaire Tree, 
Avalaire Tysonville, 
Avalaire Umstead, 
Avalaire Valley, 
Avalaire Village, 
Avalaire West, 
Avalaire Westlake, 
Avalaire Westover, 
Avalaire Wheeler, 
Avalaire Woodcrest, 
Avalaire Woods, 
Avent Acres, 
Avent Asbury, 
Avent Avalaire, 
Avent Barton, 
Avent Bridge, 
Avent Brook, 
Avent Carolina, 
Avent Church, 
Avent Club, 
Avent Country, 
Avent Creek, 
Avent Crossgate, 
Avent District, 
Avent Estates, 
Avent Forest, 
Avent Gardens, 
Avent Gate, 
Avent Government, 
Avent Grove, 
Avent Hall, 
Avent Haven, 
Avent Hedingham, 
Avent Heights, 
Avent Hi-Mount, 
Avent Hills, 
Avent Hollow, 
Avent Hope, 
Avent Lake, 
Avent Lakemont, 
Avent Lane, 
Avent Leesville, 
Avent Manchester, 
Avent Meadows, 
Avent Medfield, 
Avent Mill, 
Avent Mount, 
Avent North, 
Avent Oakwood, 
Avent Park, 
Avent Parkland, 
Avent Pinecrest, 
Avent Pines, 
Avent Place, 
Avent Plantation, 
Avent Pointe, 
Avent Ridge, 
Avent River, 
Avent Skycrest, 
Avent South, 
Avent Square, 
Avent Stonebridge, 
Avent Stonehenge, 
Avent Street, 
Avent Summerfield, 
Avent Tealbriar, 
Avent Thorpshire, 
Avent Timberlake, 
Avent Trail, 
Avent Trailwood, 
Avent Tree, 
Avent Tysonville, 
Avent Umstead, 
Avent Valley, 
Avent Village, 
Avent West, 
Avent Westlake, 
Avent Westover, 
Avent Wheeler, 
Avent Woodcrest, 
Avent Woods, 
Battery Acres, 
Battery Asbury, 
Battery Avalaire, 
Battery Barton, 
Battery Bridge, 
Battery Brook, 
Battery Carolina, 
Battery Church, 
Battery Club, 
Battery Country, 
Battery Creek, 
Battery Crossgate, 
Battery District, 
Battery Estates, 
Battery Forest, 
Battery Gardens, 
Battery Gate, 
Battery Government, 
Battery Grove, 
Battery Hall, 
Battery Haven, 
Battery Hedingham, 
Battery Heights, 
Battery Hi-Mount, 
Battery Hills, 
Battery Hollow, 
Battery Hope, 
Battery Lake, 
Battery Lakemont, 
Battery Lane, 
Battery Leesville, 
Battery Manchester, 
Battery Meadows, 
Battery Medfield, 
Battery Mill, 
Battery Mount, 
Battery North, 
Battery Oakwood, 
Battery Park, 
Battery Parkland, 
Battery Pinecrest, 
Battery Pines, 
Battery Place, 
Battery Plantation, 
Battery Pointe, 
Battery Ridge, 
Battery River, 
Battery Skycrest, 
Battery South, 
Battery Square, 
Battery Stonebridge, 
Battery Stonehenge, 
Battery Street, 
Battery Summerfield, 
Battery Tealbriar, 
Battery Thorpshire, 
Battery Timberlake, 
Battery Trail, 
Battery Trailwood, 
Battery Tree, 
Battery Tysonville, 
Battery Umstead, 
Battery Valley, 
Battery Village, 
Battery West, 
Battery Westlake, 
Battery Westover, 
Battery Wheeler, 
Battery Woodcrest, 
Battery Woods, 
Belvidere Acres, 
Belvidere Asbury, 
Belvidere Avalaire, 
Belvidere Barton, 
Belvidere Bridge, 
Belvidere Brook, 
Belvidere Carolina, 
Belvidere Church, 
Belvidere Club, 
Belvidere Country, 
Belvidere Creek, 
Belvidere Crossgate, 
Belvidere District, 
Belvidere Estates, 
Belvidere Forest, 
Belvidere Gardens, 
Belvidere Gate, 
Belvidere Government, 
Belvidere Grove, 
Belvidere Hall, 
Belvidere Haven, 
Belvidere Hedingham, 
Belvidere Heights, 
Belvidere Hi-Mount, 
Belvidere Hills, 
Belvidere Hollow, 
Belvidere Hope, 
Belvidere Lake, 
Belvidere Lakemont, 
Belvidere Lane, 
Belvidere Leesville, 
Belvidere Manchester, 
Belvidere Meadows, 
Belvidere Medfield, 
Belvidere Mill, 
Belvidere Mount, 
Belvidere North, 
Belvidere Oakwood, 
Belvidere Park, 
Belvidere Parkland, 
Belvidere Pinecrest, 
Belvidere Pines, 
Belvidere Place, 
Belvidere Plantation, 
Belvidere Pointe, 
Belvidere Ridge, 
Belvidere River, 
Belvidere Skycrest, 
Belvidere South, 
Belvidere Square, 
Belvidere Stonebridge, 
Belvidere Stonehenge, 
Belvidere Street, 
Belvidere Summerfield, 
Belvidere Tealbriar, 
Belvidere Thorpshire, 
Belvidere Timberlake, 
Belvidere Trail, 
Belvidere Trailwood, 
Belvidere Tree, 
Belvidere Tysonville, 
Belvidere Umstead, 
Belvidere Valley, 
Belvidere Village, 
Belvidere West, 
Belvidere Westlake, 
Belvidere Westover, 
Belvidere Wheeler, 
Belvidere Woodcrest, 
Belvidere Woods, 
Bent Acres, 
Bent Asbury, 
Bent Avalaire, 
Bent Barton, 
Bent Bridge, 
Bent Brook, 
Bent Carolina, 
Bent Church, 
Bent Club, 
Bent Country, 
Bent Creek, 
Bent Crossgate, 
Bent District, 
Bent Estates, 
Bent Forest, 
Bent Gardens, 
Bent Gate, 
Bent Government, 
Bent Grove, 
Bent Hall, 
Bent Haven, 
Bent Hedingham, 
Bent Heights, 
Bent Hi-Mount, 
Bent Hills, 
Bent Hollow, 
Bent Hope, 
Bent Lake, 
Bent Lakemont, 
Bent Lane, 
Bent Leesville, 
Bent Manchester, 
Bent Meadows, 
Bent Medfield, 
Bent Mill, 
Bent Mount, 
Bent North, 
Bent Oakwood, 
Bent Park, 
Bent Parkland, 
Bent Pinecrest, 
Bent Pines, 
Bent Place, 
Bent Plantation, 
Bent Pointe, 
Bent Ridge, 
Bent River, 
Bent Skycrest, 
Bent South, 
Bent Square, 
Bent Stonebridge, 
Bent Stonehenge, 
Bent Street, 
Bent Summerfield, 
Bent Tealbriar, 
Bent Thorpshire, 
Bent Timberlake, 
Bent Trail, 
Bent Trailwood, 
Bent Tree, 
Bent Tysonville, 
Bent Umstead, 
Bent Valley, 
Bent Village, 
Bent West, 
Bent Westlake, 
Bent Westover, 
Bent Wheeler, 
Bent Woodcrest, 
Bent Woods, 
Biltmore Acres, 
Biltmore Asbury, 
Biltmore Avalaire, 
Biltmore Barton, 
Biltmore Bridge, 
Biltmore Brook, 
Biltmore Carolina, 
Biltmore Church, 
Biltmore Club, 
Biltmore Country, 
Biltmore Creek, 
Biltmore Crossgate, 
Biltmore District, 
Biltmore Estates, 
Biltmore Forest, 
Biltmore Gardens, 
Biltmore Gate, 
Biltmore Government, 
Biltmore Grove, 
Biltmore Hall, 
Biltmore Haven, 
Biltmore Hedingham, 
Biltmore Heights, 
Biltmore Hi-Mount, 
Biltmore Hills, 
Biltmore Hollow, 
Biltmore Hope, 
Biltmore Lake, 
Biltmore Lakemont, 
Biltmore Lane, 
Biltmore Leesville, 
Biltmore Manchester, 
Biltmore Meadows, 
Biltmore Medfield, 
Biltmore Mill, 
Biltmore Mount, 
Biltmore North, 
Biltmore Oakwood, 
Biltmore Park, 
Biltmore Parkland, 
Biltmore Pinecrest, 
Biltmore Pines, 
Biltmore Place, 
Biltmore Plantation, 
Biltmore Pointe, 
Biltmore Ridge, 
Biltmore River, 
Biltmore Skycrest, 
Biltmore South, 
Biltmore Square, 
Biltmore Stonebridge, 
Biltmore Stonehenge, 
Biltmore Street, 
Biltmore Summerfield, 
Biltmore Tealbriar, 
Biltmore Thorpshire, 
Biltmore Timberlake, 
Biltmore Trail, 
Biltmore Trailwood, 
Biltmore Tree, 
Biltmore Tysonville, 
Biltmore Umstead, 
Biltmore Valley, 
Biltmore Village, 
Biltmore West, 
Biltmore Westlake, 
Biltmore Westover, 
Biltmore Wheeler, 
Biltmore Woodcrest, 
Biltmore Woods, 
Boylan Acres, 
Boylan Asbury, 
Boylan Avalaire, 
Boylan Barton, 
Boylan Bridge, 
Boylan Brook, 
Boylan Carolina, 
Boylan Church, 
Boylan Club, 
Boylan Country, 
Boylan Creek, 
Boylan Crossgate, 
Boylan District, 
Boylan Estates, 
Boylan Forest, 
Boylan Gardens, 
Boylan Gate, 
Boylan Government, 
Boylan Grove, 
Boylan Hall, 
Boylan Haven, 
Boylan Hedingham, 
Boylan Heights, 
Boylan Hi-Mount, 
Boylan Hills, 
Boylan Hollow, 
Boylan Hope, 
Boylan Lake, 
Boylan Lakemont, 
Boylan Lane, 
Boylan Leesville, 
Boylan Manchester, 
Boylan Meadows, 
Boylan Medfield, 
Boylan Mill, 
Boylan Mount, 
Boylan North, 
Boylan Oakwood, 
Boylan Park, 
Boylan Parkland, 
Boylan Pinecrest, 
Boylan Pines, 
Boylan Place, 
Boylan Plantation, 
Boylan Pointe, 
Boylan Ridge, 
Boylan River, 
Boylan Skycrest, 
Boylan South, 
Boylan Square, 
Boylan Stonebridge, 
Boylan Stonehenge, 
Boylan Street, 
Boylan Summerfield, 
Boylan Tealbriar, 
Boylan Thorpshire, 
Boylan Timberlake, 
Boylan Trail, 
Boylan Trailwood, 
Boylan Tree, 
Boylan Tysonville, 
Boylan Umstead, 
Boylan Valley, 
Boylan Village, 
Boylan West, 
Boylan Westlake, 
Boylan Westover, 
Boylan Wheeler, 
Boylan Woodcrest, 
Boylan Woods, 
Brandywine Acres, 
Brandywine Asbury, 
Brandywine Avalaire, 
Brandywine Barton, 
Brandywine Bridge, 
Brandywine Brook, 
Brandywine Carolina, 
Brandywine Church, 
Brandywine Club, 
Brandywine Country, 
Brandywine Creek, 
Brandywine Crossgate, 
Brandywine District, 
Brandywine Estates, 
Brandywine Forest, 
Brandywine Gardens, 
Brandywine Gate, 
Brandywine Government, 
Brandywine Grove, 
Brandywine Hall, 
Brandywine Haven, 
Brandywine Hedingham, 
Brandywine Heights, 
Brandywine Hi-Mount, 
Brandywine Hills, 
Brandywine Hollow, 
Brandywine Hope, 
Brandywine Lake, 
Brandywine Lakemont, 
Brandywine Lane, 
Brandywine Leesville, 
Brandywine Manchester, 
Brandywine Meadows, 
Brandywine Medfield, 
Brandywine Mill, 
Brandywine Mount, 
Brandywine North, 
Brandywine Oakwood, 
Brandywine Park, 
Brandywine Parkland, 
Brandywine Pinecrest, 
Brandywine Pines, 
Brandywine Place, 
Brandywine Plantation, 
Brandywine Pointe, 
Brandywine Ridge, 
Brandywine River, 
Brandywine Skycrest, 
Brandywine South, 
Brandywine Square, 
Brandywine Stonebridge, 
Brandywine Stonehenge, 
Brandywine Street, 
Brandywine Summerfield, 
Brandywine Tealbriar, 
Brandywine Thorpshire, 
Brandywine Timberlake, 
Brandywine Trail, 
Brandywine Trailwood, 
Brandywine Tree, 
Brandywine Tysonville, 
Brandywine Umstead, 
Brandywine Valley, 
Brandywine Village, 
Brandywine West, 
Brandywine Westlake, 
Brandywine Westover, 
Brandywine Wheeler, 
Brandywine Woodcrest, 
Brandywine Woods, 
Brentwood Acres, 
Brentwood Asbury, 
Brentwood Avalaire, 
Brentwood Barton, 
Brentwood Bridge, 
Brentwood Brook, 
Brentwood Carolina, 
Brentwood Church, 
Brentwood Club, 
Brentwood Country, 
Brentwood Creek, 
Brentwood Crossgate, 
Brentwood District, 
Brentwood Estates, 
Brentwood Forest, 
Brentwood Gardens, 
Brentwood Gate, 
Brentwood Government, 
Brentwood Grove, 
Brentwood Hall, 
Brentwood Haven, 
Brentwood Hedingham, 
Brentwood Heights, 
Brentwood Hi-Mount, 
Brentwood Hills, 
Brentwood Hollow, 
Brentwood Hope, 
Brentwood Lake, 
Brentwood Lakemont, 
Brentwood Lane, 
Brentwood Leesville, 
Brentwood Manchester, 
Brentwood Meadows, 
Brentwood Medfield, 
Brentwood Mill, 
Brentwood Mount, 
Brentwood North, 
Brentwood Oakwood, 
Brentwood Park, 
Brentwood Parkland, 
Brentwood Pinecrest, 
Brentwood Pines, 
Brentwood Place, 
Brentwood Plantation, 
Brentwood Pointe, 
Brentwood Ridge, 
Brentwood River, 
Brentwood Skycrest, 
Brentwood South, 
Brentwood Square, 
Brentwood Stonebridge, 
Brentwood Stonehenge, 
Brentwood Street, 
Brentwood Summerfield, 
Brentwood Tealbriar, 
Brentwood Thorpshire, 
Brentwood Timberlake, 
Brentwood Trail, 
Brentwood Trailwood, 
Brentwood Tree, 
Brentwood Tysonville, 
Brentwood Umstead, 
Brentwood Valley, 
Brentwood Village, 
Brentwood West, 
Brentwood Westlake, 
Brentwood Westover, 
Brentwood Wheeler, 
Brentwood Woodcrest, 
Brentwood Woods, 
Brier Acres, 
Brier Asbury, 
Brier Avalaire, 
Brier Barton, 
Brier Bridge, 
Brier Brook, 
Brier Carolina, 
Brier Church, 
Brier Club, 
Brier Country, 
Brier Creek, 
Brier Crossgate, 
Brier District, 
Brier Estates, 
Brier Forest, 
Brier Gardens, 
Brier Gate, 
Brier Government, 
Brier Grove, 
Brier Hall, 
Brier Haven, 
Brier Hedingham, 
Brier Heights, 
Brier Hi-Mount, 
Brier Hills, 
Brier Hollow, 
Brier Hope, 
Brier Lake, 
Brier Lakemont, 
Brier Lane, 
Brier Leesville, 
Brier Manchester, 
Brier Meadows, 
Brier Medfield, 
Brier Mill, 
Brier Mount, 
Brier North, 
Brier Oakwood, 
Brier Park, 
Brier Parkland, 
Brier Pinecrest, 
Brier Pines, 
Brier Place, 
Brier Plantation, 
Brier Pointe, 
Brier Ridge, 
Brier River, 
Brier Skycrest, 
Brier South, 
Brier Square, 
Brier Stonebridge, 
Brier Stonehenge, 
Brier Street, 
Brier Summerfield, 
Brier Tealbriar, 
Brier Thorpshire, 
Brier Timberlake, 
Brier Trail, 
Brier Trailwood, 
Brier Tree, 
Brier Tysonville, 
Brier Umstead, 
Brier Valley, 
Brier Village, 
Brier West, 
Brier Westlake, 
Brier Westover, 
Brier Wheeler, 
Brier Woodcrest, 
Brier Woods, 
Cameron Acres, 
Cameron Asbury, 
Cameron Avalaire, 
Cameron Barton, 
Cameron Bridge, 
Cameron Brook, 
Cameron Carolina, 
Cameron Church, 
Cameron Club, 
Cameron Country, 
Cameron Creek, 
Cameron Crossgate, 
Cameron District, 
Cameron Estates, 
Cameron Forest, 
Cameron Gardens, 
Cameron Gate, 
Cameron Government, 
Cameron Grove, 
Cameron Hall, 
Cameron Haven, 
Cameron Hedingham, 
Cameron Heights, 
Cameron Hi-Mount, 
Cameron Hills, 
Cameron Hollow, 
Cameron Hope, 
Cameron Lake, 
Cameron Lakemont, 
Cameron Lane, 
Cameron Leesville, 
Cameron Manchester, 
Cameron Meadows, 
Cameron Medfield, 
Cameron Mill, 
Cameron Mount, 
Cameron North, 
Cameron Oakwood, 
Cameron Park, 
Cameron Parkland, 
Cameron Pinecrest, 
Cameron Pines, 
Cameron Place, 
Cameron Plantation, 
Cameron Pointe, 
Cameron Ridge, 
Cameron River, 
Cameron Skycrest, 
Cameron South, 
Cameron Square, 
Cameron Stonebridge, 
Cameron Stonehenge, 
Cameron Street, 
Cameron Summerfield, 
Cameron Tealbriar, 
Cameron Thorpshire, 
Cameron Timberlake, 
Cameron Trail, 
Cameron Trailwood, 
Cameron Tree, 
Cameron Tysonville, 
Cameron Umstead, 
Cameron Valley, 
Cameron Village, 
Cameron West, 
Cameron Westlake, 
Cameron Westover, 
Cameron Wheeler, 
Cameron Woodcrest, 
Cameron Woods, 
Capitol Acres, 
Capitol Asbury, 
Capitol Avalaire, 
Capitol Barton, 
Capitol Bridge, 
Capitol Brook, 
Capitol Carolina, 
Capitol Church, 
Capitol Club, 
Capitol Country, 
Capitol Creek, 
Capitol Crossgate, 
Capitol District, 
Capitol Estates, 
Capitol Forest, 
Capitol Gardens, 
Capitol Gate, 
Capitol Government, 
Capitol Grove, 
Capitol Hall, 
Capitol Haven, 
Capitol Hedingham, 
Capitol Heights, 
Capitol Hi-Mount, 
Capitol Hills, 
Capitol Hollow, 
Capitol Hope, 
Capitol Lake, 
Capitol Lakemont, 
Capitol Lane, 
Capitol Leesville, 
Capitol Manchester, 
Capitol Meadows, 
Capitol Medfield, 
Capitol Mill, 
Capitol Mount, 
Capitol North, 
Capitol Oakwood, 
Capitol Park, 
Capitol Parkland, 
Capitol Pinecrest, 
Capitol Pines, 
Capitol Place, 
Capitol Plantation, 
Capitol Pointe, 
Capitol Ridge, 
Capitol River, 
Capitol Skycrest, 
Capitol South, 
Capitol Square, 
Capitol Stonebridge, 
Capitol Stonehenge, 
Capitol Street, 
Capitol Summerfield, 
Capitol Tealbriar, 
Capitol Thorpshire, 
Capitol Timberlake, 
Capitol Trail, 
Capitol Trailwood, 
Capitol Tree, 
Capitol Tysonville, 
Capitol Umstead, 
Capitol Valley, 
Capitol Village, 
Capitol West, 
Capitol Westlake, 
Capitol Westover, 
Capitol Wheeler, 
Capitol Woodcrest, 
Capitol Woods, 
Carolina Acres, 
Carolina Asbury, 
Carolina Avalaire, 
Carolina Barton, 
Carolina Bridge, 
Carolina Brook, 
Carolina Carolina, 
Carolina Church, 
Carolina Club, 
Carolina Country, 
Carolina Creek, 
Carolina Crossgate, 
Carolina District, 
Carolina Estates, 
Carolina Forest, 
Carolina Gardens, 
Carolina Gate, 
Carolina Government, 
Carolina Grove, 
Carolina Hall, 
Carolina Haven, 
Carolina Hedingham, 
Carolina Heights, 
Carolina Hi-Mount, 
Carolina Hills, 
Carolina Hollow, 
Carolina Hope, 
Carolina Lake, 
Carolina Lakemont, 
Carolina Lane, 
Carolina Leesville, 
Carolina Manchester, 
Carolina Meadows, 
Carolina Medfield, 
Carolina Mill, 
Carolina Mount, 
Carolina North, 
Carolina Oakwood, 
Carolina Park, 
Carolina Parkland, 
Carolina Pinecrest, 
Carolina Pines, 
Carolina Place, 
Carolina Plantation, 
Carolina Pointe, 
Carolina Ridge, 
Carolina River, 
Carolina Skycrest, 
Carolina South, 
Carolina Square, 
Carolina Stonebridge, 
Carolina Stonehenge, 
Carolina Street, 
Carolina Summerfield, 
Carolina Tealbriar, 
Carolina Thorpshire, 
Carolina Timberlake, 
Carolina Trail, 
Carolina Trailwood, 
Carolina Tree, 
Carolina Tysonville, 
Carolina Umstead, 
Carolina Valley, 
Carolina Village, 
Carolina West, 
Carolina Westlake, 
Carolina Westover, 
Carolina Wheeler, 
Carolina Woodcrest, 
Carolina Woods, 
Coachmans Acres, 
Coachmans Asbury, 
Coachmans Avalaire, 
Coachmans Barton, 
Coachmans Bridge, 
Coachmans Brook, 
Coachmans Carolina, 
Coachmans Church, 
Coachmans Club, 
Coachmans Country, 
Coachmans Creek, 
Coachmans Crossgate, 
Coachmans District, 
Coachmans Estates, 
Coachmans Forest, 
Coachmans Gardens, 
Coachmans Gate, 
Coachmans Government, 
Coachmans Grove, 
Coachmans Hall, 
Coachmans Haven, 
Coachmans Hedingham, 
Coachmans Heights, 
Coachmans Hi-Mount, 
Coachmans Hills, 
Coachmans Hollow, 
Coachmans Hope, 
Coachmans Lake, 
Coachmans Lakemont, 
Coachmans Lane, 
Coachmans Leesville, 
Coachmans Manchester, 
Coachmans Meadows, 
Coachmans Medfield, 
Coachmans Mill, 
Coachmans Mount, 
Coachmans North, 
Coachmans Oakwood, 
Coachmans Park, 
Coachmans Parkland, 
Coachmans Pinecrest, 
Coachmans Pines, 
Coachmans Place, 
Coachmans Plantation, 
Coachmans Pointe, 
Coachmans Ridge, 
Coachmans River, 
Coachmans Skycrest, 
Coachmans South, 
Coachmans Square, 
Coachmans Stonebridge, 
Coachmans Stonehenge, 
Coachmans Street, 
Coachmans Summerfield, 
Coachmans Tealbriar, 
Coachmans Thorpshire, 
Coachmans Timberlake, 
Coachmans Trail, 
Coachmans Trailwood, 
Coachmans Tree, 
Coachmans Tysonville, 
Coachmans Umstead, 
Coachmans Valley, 
Coachmans Village, 
Coachmans West, 
Coachmans Westlake, 
Coachmans Westover, 
Coachmans Wheeler, 
Coachmans Woodcrest, 
Coachmans Woods, 
Coley Acres, 
Coley Asbury, 
Coley Avalaire, 
Coley Barton, 
Coley Bridge, 
Coley Brook, 
Coley Carolina, 
Coley Church, 
Coley Club, 
Coley Country, 
Coley Creek, 
Coley Crossgate, 
Coley District, 
Coley Estates, 
Coley Forest, 
Coley Gardens, 
Coley Gate, 
Coley Government, 
Coley Grove, 
Coley Hall, 
Coley Haven, 
Coley Hedingham, 
Coley Heights, 
Coley Hi-Mount, 
Coley Hills, 
Coley Hollow, 
Coley Hope, 
Coley Lake, 
Coley Lakemont, 
Coley Lane, 
Coley Leesville, 
Coley Manchester, 
Coley Meadows, 
Coley Medfield, 
Coley Mill, 
Coley Mount, 
Coley North, 
Coley Oakwood, 
Coley Park, 
Coley Parkland, 
Coley Pinecrest, 
Coley Pines, 
Coley Place, 
Coley Plantation, 
Coley Pointe, 
Coley Ridge, 
Coley River, 
Coley Skycrest, 
Coley South, 
Coley Square, 
Coley Stonebridge, 
Coley Stonehenge, 
Coley Street, 
Coley Summerfield, 
Coley Tealbriar, 
Coley Thorpshire, 
Coley Timberlake, 
Coley Trail, 
Coley Trailwood, 
Coley Tree, 
Coley Tysonville, 
Coley Umstead, 
Coley Valley, 
Coley Village, 
Coley West, 
Coley Westlake, 
Coley Westover, 
Coley Wheeler, 
Coley Woodcrest, 
Coley Woods, 
Country Acres, 
Country Asbury, 
Country Avalaire, 
Country Barton, 
Country Bridge, 
Country Brook, 
Country Carolina, 
Country Church, 
Country Club, 
Country Country, 
Country Creek, 
Country Crossgate, 
Country District, 
Country Estates, 
Country Forest, 
Country Gardens, 
Country Gate, 
Country Government, 
Country Grove, 
Country Hall, 
Country Haven, 
Country Hedingham, 
Country Heights, 
Country Hi-Mount, 
Country Hills, 
Country Hollow, 
Country Hope, 
Country Lake, 
Country Lakemont, 
Country Lane, 
Country Leesville, 
Country Manchester, 
Country Meadows, 
Country Medfield, 
Country Mill, 
Country Mount, 
Country North, 
Country Oakwood, 
Country Park, 
Country Parkland, 
Country Pinecrest, 
Country Pines, 
Country Place, 
Country Plantation, 
Country Pointe, 
Country Ridge, 
Country River, 
Country Skycrest, 
Country South, 
Country Square, 
Country Stonebridge, 
Country Stonehenge, 
Country Street, 
Country Summerfield, 
Country Tealbriar, 
Country Thorpshire, 
Country Timberlake, 
Country Trail, 
Country Trailwood, 
Country Tree, 
Country Tysonville, 
Country Umstead, 
Country Valley, 
Country Village, 
Country West, 
Country Westlake, 
Country Westover, 
Country Wheeler, 
Country Woodcrest, 
Country Woods, 
Crabtree Acres, 
Crabtree Asbury, 
Crabtree Avalaire, 
Crabtree Barton, 
Crabtree Bridge, 
Crabtree Brook, 
Crabtree Carolina, 
Crabtree Church, 
Crabtree Club, 
Crabtree Country, 
Crabtree Creek, 
Crabtree Crossgate, 
Crabtree District, 
Crabtree Estates, 
Crabtree Forest, 
Crabtree Gardens, 
Crabtree Gate, 
Crabtree Government, 
Crabtree Grove, 
Crabtree Hall, 
Crabtree Haven, 
Crabtree Hedingham, 
Crabtree Heights, 
Crabtree Hi-Mount, 
Crabtree Hills, 
Crabtree Hollow, 
Crabtree Hope, 
Crabtree Lake, 
Crabtree Lakemont, 
Crabtree Lane, 
Crabtree Leesville, 
Crabtree Manchester, 
Crabtree Meadows, 
Crabtree Medfield, 
Crabtree Mill, 
Crabtree Mount, 
Crabtree North, 
Crabtree Oakwood, 
Crabtree Park, 
Crabtree Parkland, 
Crabtree Pinecrest, 
Crabtree Pines, 
Crabtree Place, 
Crabtree Plantation, 
Crabtree Pointe, 
Crabtree Ridge, 
Crabtree River, 
Crabtree Skycrest, 
Crabtree South, 
Crabtree Square, 
Crabtree Stonebridge, 
Crabtree Stonehenge, 
Crabtree Street, 
Crabtree Summerfield, 
Crabtree Tealbriar, 
Crabtree Thorpshire, 
Crabtree Timberlake, 
Crabtree Trail, 
Crabtree Trailwood, 
Crabtree Tree, 
Crabtree Tysonville, 
Crabtree Umstead, 
Crabtree Valley, 
Crabtree Village, 
Crabtree West, 
Crabtree Westlake, 
Crabtree Westover, 
Crabtree Wheeler, 
Crabtree Woodcrest, 
Crabtree Woods, 
Crossgate Acres, 
Crossgate Asbury, 
Crossgate Avalaire, 
Crossgate Barton, 
Crossgate Bridge, 
Crossgate Brook, 
Crossgate Carolina, 
Crossgate Church, 
Crossgate Club, 
Crossgate Country, 
Crossgate Creek, 
Crossgate Crossgate, 
Crossgate District, 
Crossgate Estates, 
Crossgate Forest, 
Crossgate Gardens, 
Crossgate Gate, 
Crossgate Government, 
Crossgate Grove, 
Crossgate Hall, 
Crossgate Haven, 
Crossgate Hedingham, 
Crossgate Heights, 
Crossgate Hi-Mount, 
Crossgate Hills, 
Crossgate Hollow, 
Crossgate Hope, 
Crossgate Lake, 
Crossgate Lakemont, 
Crossgate Lane, 
Crossgate Leesville, 
Crossgate Manchester, 
Crossgate Meadows, 
Crossgate Medfield, 
Crossgate Mill, 
Crossgate Mount, 
Crossgate North, 
Crossgate Oakwood, 
Crossgate Park, 
Crossgate Parkland, 
Crossgate Pinecrest, 
Crossgate Pines, 
Crossgate Place, 
Crossgate Plantation, 
Crossgate Pointe, 
Crossgate Ridge, 
Crossgate River, 
Crossgate Skycrest, 
Crossgate South, 
Crossgate Square, 
Crossgate Stonebridge, 
Crossgate Stonehenge, 
Crossgate Street, 
Crossgate Summerfield, 
Crossgate Tealbriar, 
Crossgate Thorpshire, 
Crossgate Timberlake, 
Crossgate Trail, 
Crossgate Trailwood, 
Crossgate Tree, 
Crossgate Tysonville, 
Crossgate Umstead, 
Crossgate Valley, 
Crossgate Village, 
Crossgate West, 
Crossgate Westlake, 
Crossgate Westover, 
Crossgate Wheeler, 
Crossgate Woodcrest, 
Crossgate Woods, 
Depot Acres, 
Depot Asbury, 
Depot Avalaire, 
Depot Barton, 
Depot Bridge, 
Depot Brook, 
Depot Carolina, 
Depot Church, 
Depot Club, 
Depot Country, 
Depot Creek, 
Depot Crossgate, 
Depot District, 
Depot Estates, 
Depot Forest, 
Depot Gardens, 
Depot Gate, 
Depot Government, 
Depot Grove, 
Depot Hall, 
Depot Haven, 
Depot Hedingham, 
Depot Heights, 
Depot Hi-Mount, 
Depot Hills, 
Depot Hollow, 
Depot Hope, 
Depot Lake, 
Depot Lakemont, 
Depot Lane, 
Depot Leesville, 
Depot Manchester, 
Depot Meadows, 
Depot Medfield, 
Depot Mill, 
Depot Mount, 
Depot North, 
Depot Oakwood, 
Depot Park, 
Depot Parkland, 
Depot Pinecrest, 
Depot Pines, 
Depot Place, 
Depot Plantation, 
Depot Pointe, 
Depot Ridge, 
Depot River, 
Depot Skycrest, 
Depot South, 
Depot Square, 
Depot Stonebridge, 
Depot Stonehenge, 
Depot Street, 
Depot Summerfield, 
Depot Tealbriar, 
Depot Thorpshire, 
Depot Timberlake, 
Depot Trail, 
Depot Trailwood, 
Depot Tree, 
Depot Tysonville, 
Depot Umstead, 
Depot Valley, 
Depot Village, 
Depot West, 
Depot Westlake, 
Depot Westover, 
Depot Wheeler, 
Depot Woodcrest, 
Depot Woods, 
Dominion Acres, 
Dominion Asbury, 
Dominion Avalaire, 
Dominion Barton, 
Dominion Bridge, 
Dominion Brook, 
Dominion Carolina, 
Dominion Church, 
Dominion Club, 
Dominion Country, 
Dominion Creek, 
Dominion Crossgate, 
Dominion District, 
Dominion Estates, 
Dominion Forest, 
Dominion Gardens, 
Dominion Gate, 
Dominion Government, 
Dominion Grove, 
Dominion Hall, 
Dominion Haven, 
Dominion Hedingham, 
Dominion Heights, 
Dominion Hi-Mount, 
Dominion Hills, 
Dominion Hollow, 
Dominion Hope, 
Dominion Lake, 
Dominion Lakemont, 
Dominion Lane, 
Dominion Leesville, 
Dominion Manchester, 
Dominion Meadows, 
Dominion Medfield, 
Dominion Mill, 
Dominion Mount, 
Dominion North, 
Dominion Oakwood, 
Dominion Park, 
Dominion Parkland, 
Dominion Pinecrest, 
Dominion Pines, 
Dominion Place, 
Dominion Plantation, 
Dominion Pointe, 
Dominion Ridge, 
Dominion River, 
Dominion Skycrest, 
Dominion South, 
Dominion Square, 
Dominion Stonebridge, 
Dominion Stonehenge, 
Dominion Street, 
Dominion Summerfield, 
Dominion Tealbriar, 
Dominion Thorpshire, 
Dominion Timberlake, 
Dominion Trail, 
Dominion Trailwood, 
Dominion Tree, 
Dominion Tysonville, 
Dominion Umstead, 
Dominion Valley, 
Dominion Village, 
Dominion West, 
Dominion Westlake, 
Dominion Westover, 
Dominion Wheeler, 
Dominion Woodcrest, 
Dominion Woods, 
Drewry Acres, 
Drewry Asbury, 
Drewry Avalaire, 
Drewry Barton, 
Drewry Bridge, 
Drewry Brook, 
Drewry Carolina, 
Drewry Church, 
Drewry Club, 
Drewry Country, 
Drewry Creek, 
Drewry Crossgate, 
Drewry District, 
Drewry Estates, 
Drewry Forest, 
Drewry Gardens, 
Drewry Gate, 
Drewry Government, 
Drewry Grove, 
Drewry Hall, 
Drewry Haven, 
Drewry Hedingham, 
Drewry Heights, 
Drewry Hi-Mount, 
Drewry Hills, 
Drewry Hollow, 
Drewry Hope, 
Drewry Lake, 
Drewry Lakemont, 
Drewry Lane, 
Drewry Leesville, 
Drewry Manchester, 
Drewry Meadows, 
Drewry Medfield, 
Drewry Mill, 
Drewry Mount, 
Drewry North, 
Drewry Oakwood, 
Drewry Park, 
Drewry Parkland, 
Drewry Pinecrest, 
Drewry Pines, 
Drewry Place, 
Drewry Plantation, 
Drewry Pointe, 
Drewry Ridge, 
Drewry River, 
Drewry Skycrest, 
Drewry South, 
Drewry Square, 
Drewry Stonebridge, 
Drewry Stonehenge, 
Drewry Street, 
Drewry Summerfield, 
Drewry Tealbriar, 
Drewry Thorpshire, 
Drewry Timberlake, 
Drewry Trail, 
Drewry Trailwood, 
Drewry Tree, 
Drewry Tysonville, 
Drewry Umstead, 
Drewry Valley, 
Drewry Village, 
Drewry West, 
Drewry Westlake, 
Drewry Westover, 
Drewry Wheeler, 
Drewry Woodcrest, 
Drewry Woods, 
Durant Acres, 
Durant Asbury, 
Durant Avalaire, 
Durant Barton, 
Durant Bridge, 
Durant Brook, 
Durant Carolina, 
Durant Church, 
Durant Club, 
Durant Country, 
Durant Creek, 
Durant Crossgate, 
Durant District, 
Durant Estates, 
Durant Forest, 
Durant Gardens, 
Durant Gate, 
Durant Government, 
Durant Grove, 
Durant Hall, 
Durant Haven, 
Durant Hedingham, 
Durant Heights, 
Durant Hi-Mount, 
Durant Hills, 
Durant Hollow, 
Durant Hope, 
Durant Lake, 
Durant Lakemont, 
Durant Lane, 
Durant Leesville, 
Durant Manchester, 
Durant Meadows, 
Durant Medfield, 
Durant Mill, 
Durant Mount, 
Durant North, 
Durant Oakwood, 
Durant Park, 
Durant Parkland, 
Durant Pinecrest, 
Durant Pines, 
Durant Place, 
Durant Plantation, 
Durant Pointe, 
Durant Ridge, 
Durant River, 
Durant Skycrest, 
Durant South, 
Durant Square, 
Durant Stonebridge, 
Durant Stonehenge, 
Durant Street, 
Durant Summerfield, 
Durant Tealbriar, 
Durant Thorpshire, 
Durant Timberlake, 
Durant Trail, 
Durant Trailwood, 
Durant Tree, 
Durant Tysonville, 
Durant Umstead, 
Durant Valley, 
Durant Village, 
Durant West, 
Durant Westlake, 
Durant Westover, 
Durant Wheeler, 
Durant Woodcrest, 
Durant Woods, 
East Acres, 
East Asbury, 
East Avalaire, 
East Barton, 
East Bridge, 
East Brook, 
East Carolina, 
East Church, 
East Club, 
East Country, 
East Creek, 
East Crossgate, 
East District, 
East Estates, 
East Forest, 
East Gardens, 
East Gate, 
East Government, 
East Grove, 
East Hall, 
East Haven, 
East Hedingham, 
East Heights, 
East Hi-Mount, 
East Hills, 
East Hollow, 
East Hope, 
East Lake, 
East Lakemont, 
East Lane, 
East Leesville, 
East Manchester, 
East Meadows, 
East Medfield, 
East Mill, 
East Mount, 
East North, 
East Oakwood, 
East Park, 
East Parkland, 
East Pinecrest, 
East Pines, 
East Place, 
East Plantation, 
East Pointe, 
East Ridge, 
East River, 
East Skycrest, 
East South, 
East Square, 
East Stonebridge, 
East Stonehenge, 
East Street, 
East Summerfield, 
East Tealbriar, 
East Thorpshire, 
East Timberlake, 
East Trail, 
East Trailwood, 
East Tree, 
East Tysonville, 
East Umstead, 
East Valley, 
East Village, 
East West, 
East Westlake, 
East Westover, 
East Wheeler, 
East Woodcrest, 
East Woods, 
Fairfax Acres, 
Fairfax Asbury, 
Fairfax Avalaire, 
Fairfax Barton, 
Fairfax Bridge, 
Fairfax Brook, 
Fairfax Carolina, 
Fairfax Church, 
Fairfax Club, 
Fairfax Country, 
Fairfax Creek, 
Fairfax Crossgate, 
Fairfax District, 
Fairfax Estates, 
Fairfax Forest, 
Fairfax Gardens, 
Fairfax Gate, 
Fairfax Government, 
Fairfax Grove, 
Fairfax Hall, 
Fairfax Haven, 
Fairfax Hedingham, 
Fairfax Heights, 
Fairfax Hi-Mount, 
Fairfax Hills, 
Fairfax Hollow, 
Fairfax Hope, 
Fairfax Lake, 
Fairfax Lakemont, 
Fairfax Lane, 
Fairfax Leesville, 
Fairfax Manchester, 
Fairfax Meadows, 
Fairfax Medfield, 
Fairfax Mill, 
Fairfax Mount, 
Fairfax North, 
Fairfax Oakwood, 
Fairfax Park, 
Fairfax Parkland, 
Fairfax Pinecrest, 
Fairfax Pines, 
Fairfax Place, 
Fairfax Plantation, 
Fairfax Pointe, 
Fairfax Ridge, 
Fairfax River, 
Fairfax Skycrest, 
Fairfax South, 
Fairfax Square, 
Fairfax Stonebridge, 
Fairfax Stonehenge, 
Fairfax Street, 
Fairfax Summerfield, 
Fairfax Tealbriar, 
Fairfax Thorpshire, 
Fairfax Timberlake, 
Fairfax Trail, 
Fairfax Trailwood, 
Fairfax Tree, 
Fairfax Tysonville, 
Fairfax Umstead, 
Fairfax Valley, 
Fairfax Village, 
Fairfax West, 
Fairfax Westlake, 
Fairfax Westover, 
Fairfax Wheeler, 
Fairfax Woodcrest, 
Fairfax Woods, 
Falls Acres, 
Falls Asbury, 
Falls Avalaire, 
Falls Barton, 
Falls Bridge, 
Falls Brook, 
Falls Carolina, 
Falls Church, 
Falls Club, 
Falls Country, 
Falls Creek, 
Falls Crossgate, 
Falls District, 
Falls Estates, 
Falls Forest, 
Falls Gardens, 
Falls Gate, 
Falls Government, 
Falls Grove, 
Falls Hall, 
Falls Haven, 
Falls Hedingham, 
Falls Heights, 
Falls Hi-Mount, 
Falls Hills, 
Falls Hollow, 
Falls Hope, 
Falls Lake, 
Falls Lakemont, 
Falls Lane, 
Falls Leesville, 
Falls Manchester, 
Falls Meadows, 
Falls Medfield, 
Falls Mill, 
Falls Mount, 
Falls North, 
Falls Oakwood, 
Falls Park, 
Falls Parkland, 
Falls Pinecrest, 
Falls Pines, 
Falls Place, 
Falls Plantation, 
Falls Pointe, 
Falls Ridge, 
Falls River, 
Falls Skycrest, 
Falls South, 
Falls Square, 
Falls Stonebridge, 
Falls Stonehenge, 
Falls Street, 
Falls Summerfield, 
Falls Tealbriar, 
Falls Thorpshire, 
Falls Timberlake, 
Falls Trail, 
Falls Trailwood, 
Falls Tree, 
Falls Tysonville, 
Falls Umstead, 
Falls Valley, 
Falls Village, 
Falls West, 
Falls Westlake, 
Falls Westover, 
Falls Wheeler, 
Falls Woodcrest, 
Falls Woods, 
Fayetteville Acres, 
Fayetteville Asbury, 
Fayetteville Avalaire, 
Fayetteville Barton, 
Fayetteville Bridge, 
Fayetteville Brook, 
Fayetteville Carolina, 
Fayetteville Church, 
Fayetteville Club, 
Fayetteville Country, 
Fayetteville Creek, 
Fayetteville Crossgate, 
Fayetteville District, 
Fayetteville Estates, 
Fayetteville Forest, 
Fayetteville Gardens, 
Fayetteville Gate, 
Fayetteville Government, 
Fayetteville Grove, 
Fayetteville Hall, 
Fayetteville Haven, 
Fayetteville Hedingham, 
Fayetteville Heights, 
Fayetteville Hi-Mount, 
Fayetteville Hills, 
Fayetteville Hollow, 
Fayetteville Hope, 
Fayetteville Lake, 
Fayetteville Lakemont, 
Fayetteville Lane, 
Fayetteville Leesville, 
Fayetteville Manchester, 
Fayetteville Meadows, 
Fayetteville Medfield, 
Fayetteville Mill, 
Fayetteville Mount, 
Fayetteville North, 
Fayetteville Oakwood, 
Fayetteville Park, 
Fayetteville Parkland, 
Fayetteville Pinecrest, 
Fayetteville Pines, 
Fayetteville Place, 
Fayetteville Plantation, 
Fayetteville Pointe, 
Fayetteville Ridge, 
Fayetteville River, 
Fayetteville Skycrest, 
Fayetteville South, 
Fayetteville Square, 
Fayetteville Stonebridge, 
Fayetteville Stonehenge, 
Fayetteville Street, 
Fayetteville Summerfield, 
Fayetteville Tealbriar, 
Fayetteville Thorpshire, 
Fayetteville Timberlake, 
Fayetteville Trail, 
Fayetteville Trailwood, 
Fayetteville Tree, 
Fayetteville Tysonville, 
Fayetteville Umstead, 
Fayetteville Valley, 
Fayetteville Village, 
Fayetteville West, 
Fayetteville Westlake, 
Fayetteville Westover, 
Fayetteville Wheeler, 
Fayetteville Woodcrest, 
Fayetteville Woods, 
Five Acres, 
Five Asbury, 
Five Avalaire, 
Five Barton, 
Five Bridge, 
Five Brook, 
Five Carolina, 
Five Church, 
Five Club, 
Five Country, 
Five Creek, 
Five Crossgate, 
Five District, 
Five Estates, 
Five Forest, 
Five Gardens, 
Five Gate, 
Five Government, 
Five Grove, 
Five Hall, 
Five Haven, 
Five Hedingham, 
Five Heights, 
Five Hi-Mount, 
Five Hills, 
Five Hollow, 
Five Hope, 
Five Lake, 
Five Lakemont, 
Five Lane, 
Five Leesville, 
Five Manchester, 
Five Meadows, 
Five Medfield, 
Five Mill, 
Five Mount, 
Five North, 
Five Oakwood, 
Five Park, 
Five Parkland, 
Five Pinecrest, 
Five Pines, 
Five Place, 
Five Plantation, 
Five Pointe, 
Five Ridge, 
Five River, 
Five Skycrest, 
Five South, 
Five Square, 
Five Stonebridge, 
Five Stonehenge, 
Five Street, 
Five Summerfield, 
Five Tealbriar, 
Five Thorpshire, 
Five Timberlake, 
Five Trail, 
Five Trailwood, 
Five Tree, 
Five Tysonville, 
Five Umstead, 
Five Valley, 
Five Village, 
Five West, 
Five Westlake, 
Five Westover, 
Five Wheeler, 
Five Woodcrest, 
Five Woods, 
Glenwood Acres, 
Glenwood Asbury, 
Glenwood Avalaire, 
Glenwood Barton, 
Glenwood Bridge, 
Glenwood Brook, 
Glenwood Carolina, 
Glenwood Church, 
Glenwood Club, 
Glenwood Country, 
Glenwood Creek, 
Glenwood Crossgate, 
Glenwood District, 
Glenwood Estates, 
Glenwood Forest, 
Glenwood Gardens, 
Glenwood Gate, 
Glenwood Government, 
Glenwood Grove, 
Glenwood Hall, 
Glenwood Haven, 
Glenwood Hedingham, 
Glenwood Heights, 
Glenwood Hi-Mount, 
Glenwood Hills, 
Glenwood Hollow, 
Glenwood Hope, 
Glenwood Lake, 
Glenwood Lakemont, 
Glenwood Lane, 
Glenwood Leesville, 
Glenwood Manchester, 
Glenwood Meadows, 
Glenwood Medfield, 
Glenwood Mill, 
Glenwood Mount, 
Glenwood North, 
Glenwood Oakwood, 
Glenwood Park, 
Glenwood Parkland, 
Glenwood Pinecrest, 
Glenwood Pines, 
Glenwood Place, 
Glenwood Plantation, 
Glenwood Pointe, 
Glenwood Ridge, 
Glenwood River, 
Glenwood Skycrest, 
Glenwood South, 
Glenwood Square, 
Glenwood Stonebridge, 
Glenwood Stonehenge, 
Glenwood Street, 
Glenwood Summerfield, 
Glenwood Tealbriar, 
Glenwood Thorpshire, 
Glenwood Timberlake, 
Glenwood Trail, 
Glenwood Trailwood, 
Glenwood Tree, 
Glenwood Tysonville, 
Glenwood Umstead, 
Glenwood Valley, 
Glenwood Village, 
Glenwood West, 
Glenwood Westlake, 
Glenwood Westover, 
Glenwood Wheeler, 
Glenwood Woodcrest, 
Glenwood Woods, 
Hayes Acres, 
Hayes Asbury, 
Hayes Avalaire, 
Hayes Barton, 
Hayes Bridge, 
Hayes Brook, 
Hayes Carolina, 
Hayes Church, 
Hayes Club, 
Hayes Country, 
Hayes Creek, 
Hayes Crossgate, 
Hayes District, 
Hayes Estates, 
Hayes Forest, 
Hayes Gardens, 
Hayes Gate, 
Hayes Government, 
Hayes Grove, 
Hayes Hall, 
Hayes Haven, 
Hayes Hedingham, 
Hayes Heights, 
Hayes Hi-Mount, 
Hayes Hills, 
Hayes Hollow, 
Hayes Hope, 
Hayes Lake, 
Hayes Lakemont, 
Hayes Lane, 
Hayes Leesville, 
Hayes Manchester, 
Hayes Meadows, 
Hayes Medfield, 
Hayes Mill, 
Hayes Mount, 
Hayes North, 
Hayes Oakwood, 
Hayes Park, 
Hayes Parkland, 
Hayes Pinecrest, 
Hayes Pines, 
Hayes Place, 
Hayes Plantation, 
Hayes Pointe, 
Hayes Ridge, 
Hayes River, 
Hayes Skycrest, 
Hayes South, 
Hayes Square, 
Hayes Stonebridge, 
Hayes Stonehenge, 
Hayes Street, 
Hayes Summerfield, 
Hayes Tealbriar, 
Hayes Thorpshire, 
Hayes Timberlake, 
Hayes Trail, 
Hayes Trailwood, 
Hayes Tree, 
Hayes Tysonville, 
Hayes Umstead, 
Hayes Valley, 
Hayes Village, 
Hayes West, 
Hayes Westlake, 
Hayes Westover, 
Hayes Wheeler, 
Hayes Woodcrest, 
Hayes Woods, 
Hedingham Acres, 
Hedingham Asbury, 
Hedingham Avalaire, 
Hedingham Barton, 
Hedingham Bridge, 
Hedingham Brook, 
Hedingham Carolina, 
Hedingham Church, 
Hedingham Club, 
Hedingham Country, 
Hedingham Creek, 
Hedingham Crossgate, 
Hedingham District, 
Hedingham Estates, 
Hedingham Forest, 
Hedingham Gardens, 
Hedingham Gate, 
Hedingham Government, 
Hedingham Grove, 
Hedingham Hall, 
Hedingham Haven, 
Hedingham Hedingham, 
Hedingham Heights, 
Hedingham Hi-Mount, 
Hedingham Hills, 
Hedingham Hollow, 
Hedingham Hope, 
Hedingham Lake, 
Hedingham Lakemont, 
Hedingham Lane, 
Hedingham Leesville, 
Hedingham Manchester, 
Hedingham Meadows, 
Hedingham Medfield, 
Hedingham Mill, 
Hedingham Mount, 
Hedingham North, 
Hedingham Oakwood, 
Hedingham Park, 
Hedingham Parkland, 
Hedingham Pinecrest, 
Hedingham Pines, 
Hedingham Place, 
Hedingham Plantation, 
Hedingham Pointe, 
Hedingham Ridge, 
Hedingham River, 
Hedingham Skycrest, 
Hedingham South, 
Hedingham Square, 
Hedingham Stonebridge, 
Hedingham Stonehenge, 
Hedingham Street, 
Hedingham Summerfield, 
Hedingham Tealbriar, 
Hedingham Thorpshire, 
Hedingham Timberlake, 
Hedingham Trail, 
Hedingham Trailwood, 
Hedingham Tree, 
Hedingham Tysonville, 
Hedingham Umstead, 
Hedingham Valley, 
Hedingham Village, 
Hedingham West, 
Hedingham Westlake, 
Hedingham Westover, 
Hedingham Wheeler, 
Hedingham Woodcrest, 
Hedingham Woods, 
Hi-Mount Acres, 
Hi-Mount Asbury, 
Hi-Mount Avalaire, 
Hi-Mount Barton, 
Hi-Mount Bridge, 
Hi-Mount Brook, 
Hi-Mount Carolina, 
Hi-Mount Church, 
Hi-Mount Club, 
Hi-Mount Country, 
Hi-Mount Creek, 
Hi-Mount Crossgate, 
Hi-Mount District, 
Hi-Mount Estates, 
Hi-Mount Forest, 
Hi-Mount Gardens, 
Hi-Mount Gate, 
Hi-Mount Government, 
Hi-Mount Grove, 
Hi-Mount Hall, 
Hi-Mount Haven, 
Hi-Mount Hedingham, 
Hi-Mount Heights, 
Hi-Mount Hi-Mount, 
Hi-Mount Hills, 
Hi-Mount Hollow, 
Hi-Mount Hope, 
Hi-Mount Lake, 
Hi-Mount Lakemont, 
Hi-Mount Lane, 
Hi-Mount Leesville, 
Hi-Mount Manchester, 
Hi-Mount Meadows, 
Hi-Mount Medfield, 
Hi-Mount Mill, 
Hi-Mount Mount, 
Hi-Mount North, 
Hi-Mount Oakwood, 
Hi-Mount Park, 
Hi-Mount Parkland, 
Hi-Mount Pinecrest, 
Hi-Mount Pines, 
Hi-Mount Place, 
Hi-Mount Plantation, 
Hi-Mount Pointe, 
Hi-Mount Ridge, 
Hi-Mount River, 
Hi-Mount Skycrest, 
Hi-Mount South, 
Hi-Mount Square, 
Hi-Mount Stonebridge, 
Hi-Mount Stonehenge, 
Hi-Mount Street, 
Hi-Mount Summerfield, 
Hi-Mount Tealbriar, 
Hi-Mount Thorpshire, 
Hi-Mount Timberlake, 
Hi-Mount Trail, 
Hi-Mount Trailwood, 
Hi-Mount Tree, 
Hi-Mount Tysonville, 
Hi-Mount Umstead, 
Hi-Mount Valley, 
Hi-Mount Village, 
Hi-Mount West, 
Hi-Mount Westlake, 
Hi-Mount Westover, 
Hi-Mount Wheeler, 
Hi-Mount Woodcrest, 
Hi-Mount Woods, 
Hickory Acres, 
Hickory Asbury, 
Hickory Avalaire, 
Hickory Barton, 
Hickory Bridge, 
Hickory Brook, 
Hickory Carolina, 
Hickory Church, 
Hickory Club, 
Hickory Country, 
Hickory Creek, 
Hickory Crossgate, 
Hickory District, 
Hickory Estates, 
Hickory Forest, 
Hickory Gardens, 
Hickory Gate, 
Hickory Government, 
Hickory Grove, 
Hickory Hall, 
Hickory Haven, 
Hickory Hedingham, 
Hickory Heights, 
Hickory Hi-Mount, 
Hickory Hills, 
Hickory Hollow, 
Hickory Hope, 
Hickory Lake, 
Hickory Lakemont, 
Hickory Lane, 
Hickory Leesville, 
Hickory Manchester, 
Hickory Meadows, 
Hickory Medfield, 
Hickory Mill, 
Hickory Mount, 
Hickory North, 
Hickory Oakwood, 
Hickory Park, 
Hickory Parkland, 
Hickory Pinecrest, 
Hickory Pines, 
Hickory Place, 
Hickory Plantation, 
Hickory Pointe, 
Hickory Ridge, 
Hickory River, 
Hickory Skycrest, 
Hickory South, 
Hickory Square, 
Hickory Stonebridge, 
Hickory Stonehenge, 
Hickory Street, 
Hickory Summerfield, 
Hickory Tealbriar, 
Hickory Thorpshire, 
Hickory Timberlake, 
Hickory Trail, 
Hickory Trailwood, 
Hickory Tree, 
Hickory Tysonville, 
Hickory Umstead, 
Hickory Valley, 
Hickory Village, 
Hickory West, 
Hickory Westlake, 
Hickory Westover, 
Hickory Wheeler, 
Hickory Woodcrest, 
Hickory Woods, 
Historic Acres, 
Historic Asbury, 
Historic Avalaire, 
Historic Barton, 
Historic Bridge, 
Historic Brook, 
Historic Carolina, 
Historic Church, 
Historic Club, 
Historic Country, 
Historic Creek, 
Historic Crossgate, 
Historic District, 
Historic Estates, 
Historic Forest, 
Historic Gardens, 
Historic Gate, 
Historic Government, 
Historic Grove, 
Historic Hall, 
Historic Haven, 
Historic Hedingham, 
Historic Heights, 
Historic Hi-Mount, 
Historic Hills, 
Historic Hollow, 
Historic Hope, 
Historic Lake, 
Historic Lakemont, 
Historic Lane, 
Historic Leesville, 
Historic Manchester, 
Historic Meadows, 
Historic Medfield, 
Historic Mill, 
Historic Mount, 
Historic North, 
Historic Oakwood, 
Historic Park, 
Historic Parkland, 
Historic Pinecrest, 
Historic Pines, 
Historic Place, 
Historic Plantation, 
Historic Pointe, 
Historic Ridge, 
Historic River, 
Historic Skycrest, 
Historic South, 
Historic Square, 
Historic Stonebridge, 
Historic Stonehenge, 
Historic Street, 
Historic Summerfield, 
Historic Tealbriar, 
Historic Thorpshire, 
Historic Timberlake, 
Historic Trail, 
Historic Trailwood, 
Historic Tree, 
Historic Tysonville, 
Historic Umstead, 
Historic Valley, 
Historic Village, 
Historic West, 
Historic Westlake, 
Historic Westover, 
Historic Wheeler, 
Historic Woodcrest, 
Historic Woods, 
Lake Acres, 
Lake Asbury, 
Lake Avalaire, 
Lake Barton, 
Lake Bridge, 
Lake Brook, 
Lake Carolina, 
Lake Church, 
Lake Club, 
Lake Country, 
Lake Creek, 
Lake Crossgate, 
Lake District, 
Lake Estates, 
Lake Forest, 
Lake Gardens, 
Lake Gate, 
Lake Government, 
Lake Grove, 
Lake Hall, 
Lake Haven, 
Lake Hedingham, 
Lake Heights, 
Lake Hi-Mount, 
Lake Hills, 
Lake Hollow, 
Lake Hope, 
Lake Lake, 
Lake Lakemont, 
Lake Lane, 
Lake Leesville, 
Lake Manchester, 
Lake Meadows, 
Lake Medfield, 
Lake Mill, 
Lake Mount, 
Lake North, 
Lake Oakwood, 
Lake Park, 
Lake Parkland, 
Lake Pinecrest, 
Lake Pines, 
Lake Place, 
Lake Plantation, 
Lake Pointe, 
Lake Ridge, 
Lake River, 
Lake Skycrest, 
Lake South, 
Lake Square, 
Lake Stonebridge, 
Lake Stonehenge, 
Lake Street, 
Lake Summerfield, 
Lake Tealbriar, 
Lake Thorpshire, 
Lake Timberlake, 
Lake Trail, 
Lake Trailwood, 
Lake Tree, 
Lake Tysonville, 
Lake Umstead, 
Lake Valley, 
Lake Village, 
Lake West, 
Lake Westlake, 
Lake Westover, 
Lake Wheeler, 
Lake Woodcrest, 
Lake Woods, 
Lakemont Acres, 
Lakemont Asbury, 
Lakemont Avalaire, 
Lakemont Barton, 
Lakemont Bridge, 
Lakemont Brook, 
Lakemont Carolina, 
Lakemont Church, 
Lakemont Club, 
Lakemont Country, 
Lakemont Creek, 
Lakemont Crossgate, 
Lakemont District, 
Lakemont Estates, 
Lakemont Forest, 
Lakemont Gardens, 
Lakemont Gate, 
Lakemont Government, 
Lakemont Grove, 
Lakemont Hall, 
Lakemont Haven, 
Lakemont Hedingham, 
Lakemont Heights, 
Lakemont Hi-Mount, 
Lakemont Hills, 
Lakemont Hollow, 
Lakemont Hope, 
Lakemont Lake, 
Lakemont Lakemont, 
Lakemont Lane, 
Lakemont Leesville, 
Lakemont Manchester, 
Lakemont Meadows, 
Lakemont Medfield, 
Lakemont Mill, 
Lakemont Mount, 
Lakemont North, 
Lakemont Oakwood, 
Lakemont Park, 
Lakemont Parkland, 
Lakemont Pinecrest, 
Lakemont Pines, 
Lakemont Place, 
Lakemont Plantation, 
Lakemont Pointe, 
Lakemont Ridge, 
Lakemont River, 
Lakemont Skycrest, 
Lakemont South, 
Lakemont Square, 
Lakemont Stonebridge, 
Lakemont Stonehenge, 
Lakemont Street, 
Lakemont Summerfield, 
Lakemont Tealbriar, 
Lakemont Thorpshire, 
Lakemont Timberlake, 
Lakemont Trail, 
Lakemont Trailwood, 
Lakemont Tree, 
Lakemont Tysonville, 
Lakemont Umstead, 
Lakemont Valley, 
Lakemont Village, 
Lakemont West, 
Lakemont Westlake, 
Lakemont Westover, 
Lakemont Wheeler, 
Lakemont Woodcrest, 
Lakemont Woods, 
Laurel Acres, 
Laurel Asbury, 
Laurel Avalaire, 
Laurel Barton, 
Laurel Bridge, 
Laurel Brook, 
Laurel Carolina, 
Laurel Church, 
Laurel Club, 
Laurel Country, 
Laurel Creek, 
Laurel Crossgate, 
Laurel District, 
Laurel Estates, 
Laurel Forest, 
Laurel Gardens, 
Laurel Gate, 
Laurel Government, 
Laurel Grove, 
Laurel Hall, 
Laurel Haven, 
Laurel Hedingham, 
Laurel Heights, 
Laurel Hi-Mount, 
Laurel Hills, 
Laurel Hollow, 
Laurel Hope, 
Laurel Lake, 
Laurel Lakemont, 
Laurel Lane, 
Laurel Leesville, 
Laurel Manchester, 
Laurel Meadows, 
Laurel Medfield, 
Laurel Mill, 
Laurel Mount, 
Laurel North, 
Laurel Oakwood, 
Laurel Park, 
Laurel Parkland, 
Laurel Pinecrest, 
Laurel Pines, 
Laurel Place, 
Laurel Plantation, 
Laurel Pointe, 
Laurel Ridge, 
Laurel River, 
Laurel Skycrest, 
Laurel South, 
Laurel Square, 
Laurel Stonebridge, 
Laurel Stonehenge, 
Laurel Street, 
Laurel Summerfield, 
Laurel Tealbriar, 
Laurel Thorpshire, 
Laurel Timberlake, 
Laurel Trail, 
Laurel Trailwood, 
Laurel Tree, 
Laurel Tysonville, 
Laurel Umstead, 
Laurel Valley, 
Laurel Village, 
Laurel West, 
Laurel Westlake, 
Laurel Westover, 
Laurel Wheeler, 
Laurel Woodcrest, 
Laurel Woods, 
Leesville Acres, 
Leesville Asbury, 
Leesville Avalaire, 
Leesville Barton, 
Leesville Bridge, 
Leesville Brook, 
Leesville Carolina, 
Leesville Church, 
Leesville Club, 
Leesville Country, 
Leesville Creek, 
Leesville Crossgate, 
Leesville District, 
Leesville Estates, 
Leesville Forest, 
Leesville Gardens, 
Leesville Gate, 
Leesville Government, 
Leesville Grove, 
Leesville Hall, 
Leesville Haven, 
Leesville Hedingham, 
Leesville Heights, 
Leesville Hi-Mount, 
Leesville Hills, 
Leesville Hollow, 
Leesville Hope, 
Leesville Lake, 
Leesville Lakemont, 
Leesville Lane, 
Leesville Leesville, 
Leesville Manchester, 
Leesville Meadows, 
Leesville Medfield, 
Leesville Mill, 
Leesville Mount, 
Leesville North, 
Leesville Oakwood, 
Leesville Park, 
Leesville Parkland, 
Leesville Pinecrest, 
Leesville Pines, 
Leesville Place, 
Leesville Plantation, 
Leesville Pointe, 
Leesville Ridge, 
Leesville River, 
Leesville Skycrest, 
Leesville South, 
Leesville Square, 
Leesville Stonebridge, 
Leesville Stonehenge, 
Leesville Street, 
Leesville Summerfield, 
Leesville Tealbriar, 
Leesville Thorpshire, 
Leesville Timberlake, 
Leesville Trail, 
Leesville Trailwood, 
Leesville Tree, 
Leesville Tysonville, 
Leesville Umstead, 
Leesville Valley, 
Leesville Village, 
Leesville West, 
Leesville Westlake, 
Leesville Westover, 
Leesville Wheeler, 
Leesville Woodcrest, 
Leesville Woods, 
Longview Acres, 
Longview Asbury, 
Longview Avalaire, 
Longview Barton, 
Longview Bridge, 
Longview Brook, 
Longview Carolina, 
Longview Church, 
Longview Club, 
Longview Country, 
Longview Creek, 
Longview Crossgate, 
Longview District, 
Longview Estates, 
Longview Forest, 
Longview Gardens, 
Longview Gate, 
Longview Government, 
Longview Grove, 
Longview Hall, 
Longview Haven, 
Longview Hedingham, 
Longview Heights, 
Longview Hi-Mount, 
Longview Hills, 
Longview Hollow, 
Longview Hope, 
Longview Lake, 
Longview Lakemont, 
Longview Lane, 
Longview Leesville, 
Longview Manchester, 
Longview Meadows, 
Longview Medfield, 
Longview Mill, 
Longview Mount, 
Longview North, 
Longview Oakwood, 
Longview Park, 
Longview Parkland, 
Longview Pinecrest, 
Longview Pines, 
Longview Place, 
Longview Plantation, 
Longview Pointe, 
Longview Ridge, 
Longview River, 
Longview Skycrest, 
Longview South, 
Longview Square, 
Longview Stonebridge, 
Longview Stonehenge, 
Longview Street, 
Longview Summerfield, 
Longview Tealbriar, 
Longview Thorpshire, 
Longview Timberlake, 
Longview Trail, 
Longview Trailwood, 
Longview Tree, 
Longview Tysonville, 
Longview Umstead, 
Longview Valley, 
Longview Village, 
Longview West, 
Longview Westlake, 
Longview Westover, 
Longview Wheeler, 
Longview Woodcrest, 
Longview Woods, 
Madonna Acres, 
Madonna Asbury, 
Madonna Avalaire, 
Madonna Barton, 
Madonna Bridge, 
Madonna Brook, 
Madonna Carolina, 
Madonna Church, 
Madonna Club, 
Madonna Country, 
Madonna Creek, 
Madonna Crossgate, 
Madonna District, 
Madonna Estates, 
Madonna Forest, 
Madonna Gardens, 
Madonna Gate, 
Madonna Government, 
Madonna Grove, 
Madonna Hall, 
Madonna Haven, 
Madonna Hedingham, 
Madonna Heights, 
Madonna Hi-Mount, 
Madonna Hills, 
Madonna Hollow, 
Madonna Hope, 
Madonna Lake, 
Madonna Lakemont, 
Madonna Lane, 
Madonna Leesville, 
Madonna Manchester, 
Madonna Meadows, 
Madonna Medfield, 
Madonna Mill, 
Madonna Mount, 
Madonna North, 
Madonna Oakwood, 
Madonna Park, 
Madonna Parkland, 
Madonna Pinecrest, 
Madonna Pines, 
Madonna Place, 
Madonna Plantation, 
Madonna Pointe, 
Madonna Ridge, 
Madonna River, 
Madonna Skycrest, 
Madonna South, 
Madonna Square, 
Madonna Stonebridge, 
Madonna Stonehenge, 
Madonna Street, 
Madonna Summerfield, 
Madonna Tealbriar, 
Madonna Thorpshire, 
Madonna Timberlake, 
Madonna Trail, 
Madonna Trailwood, 
Madonna Tree, 
Madonna Tysonville, 
Madonna Umstead, 
Madonna Valley, 
Madonna Village, 
Madonna West, 
Madonna Westlake, 
Madonna Westover, 
Madonna Wheeler, 
Madonna Woodcrest, 
Madonna Woods, 
Maiden Acres, 
Maiden Asbury, 
Maiden Avalaire, 
Maiden Barton, 
Maiden Bridge, 
Maiden Brook, 
Maiden Carolina, 
Maiden Church, 
Maiden Club, 
Maiden Country, 
Maiden Creek, 
Maiden Crossgate, 
Maiden District, 
Maiden Estates, 
Maiden Forest, 
Maiden Gardens, 
Maiden Gate, 
Maiden Government, 
Maiden Grove, 
Maiden Hall, 
Maiden Haven, 
Maiden Hedingham, 
Maiden Heights, 
Maiden Hi-Mount, 
Maiden Hills, 
Maiden Hollow, 
Maiden Hope, 
Maiden Lake, 
Maiden Lakemont, 
Maiden Lane, 
Maiden Leesville, 
Maiden Manchester, 
Maiden Meadows, 
Maiden Medfield, 
Maiden Mill, 
Maiden Mount, 
Maiden North, 
Maiden Oakwood, 
Maiden Park, 
Maiden Parkland, 
Maiden Pinecrest, 
Maiden Pines, 
Maiden Place, 
Maiden Plantation, 
Maiden Pointe, 
Maiden Ridge, 
Maiden River, 
Maiden Skycrest, 
Maiden South, 
Maiden Square, 
Maiden Stonebridge, 
Maiden Stonehenge, 
Maiden Street, 
Maiden Summerfield, 
Maiden Tealbriar, 
Maiden Thorpshire, 
Maiden Timberlake, 
Maiden Trail, 
Maiden Trailwood, 
Maiden Tree, 
Maiden Tysonville, 
Maiden Umstead, 
Maiden Valley, 
Maiden Village, 
Maiden West, 
Maiden Westlake, 
Maiden Westover, 
Maiden Wheeler, 
Maiden Woodcrest, 
Maiden Woods, 
Manchester Acres, 
Manchester Asbury, 
Manchester Avalaire, 
Manchester Barton, 
Manchester Bridge, 
Manchester Brook, 
Manchester Carolina, 
Manchester Church, 
Manchester Club, 
Manchester Country, 
Manchester Creek, 
Manchester Crossgate, 
Manchester District, 
Manchester Estates, 
Manchester Forest, 
Manchester Gardens, 
Manchester Gate, 
Manchester Government, 
Manchester Grove, 
Manchester Hall, 
Manchester Haven, 
Manchester Hedingham, 
Manchester Heights, 
Manchester Hi-Mount, 
Manchester Hills, 
Manchester Hollow, 
Manchester Hope, 
Manchester Lake, 
Manchester Lakemont, 
Manchester Lane, 
Manchester Leesville, 
Manchester Manchester, 
Manchester Meadows, 
Manchester Medfield, 
Manchester Mill, 
Manchester Mount, 
Manchester North, 
Manchester Oakwood, 
Manchester Park, 
Manchester Parkland, 
Manchester Pinecrest, 
Manchester Pines, 
Manchester Place, 
Manchester Plantation, 
Manchester Pointe, 
Manchester Ridge, 
Manchester River, 
Manchester Skycrest, 
Manchester South, 
Manchester Square, 
Manchester Stonebridge, 
Manchester Stonehenge, 
Manchester Street, 
Manchester Summerfield, 
Manchester Tealbriar, 
Manchester Thorpshire, 
Manchester Timberlake, 
Manchester Trail, 
Manchester Trailwood, 
Manchester Tree, 
Manchester Tysonville, 
Manchester Umstead, 
Manchester Valley, 
Manchester Village, 
Manchester West, 
Manchester Westlake, 
Manchester Westover, 
Manchester Wheeler, 
Manchester Woodcrest, 
Manchester Woods, 
Medfield Acres, 
Medfield Asbury, 
Medfield Avalaire, 
Medfield Barton, 
Medfield Bridge, 
Medfield Brook, 
Medfield Carolina, 
Medfield Church, 
Medfield Club, 
Medfield Country, 
Medfield Creek, 
Medfield Crossgate, 
Medfield District, 
Medfield Estates, 
Medfield Forest, 
Medfield Gardens, 
Medfield Gate, 
Medfield Government, 
Medfield Grove, 
Medfield Hall, 
Medfield Haven, 
Medfield Hedingham, 
Medfield Heights, 
Medfield Hi-Mount, 
Medfield Hills, 
Medfield Hollow, 
Medfield Hope, 
Medfield Lake, 
Medfield Lakemont, 
Medfield Lane, 
Medfield Leesville, 
Medfield Manchester, 
Medfield Meadows, 
Medfield Medfield, 
Medfield Mill, 
Medfield Mount, 
Medfield North, 
Medfield Oakwood, 
Medfield Park, 
Medfield Parkland, 
Medfield Pinecrest, 
Medfield Pines, 
Medfield Place, 
Medfield Plantation, 
Medfield Pointe, 
Medfield Ridge, 
Medfield River, 
Medfield Skycrest, 
Medfield South, 
Medfield Square, 
Medfield Stonebridge, 
Medfield Stonehenge, 
Medfield Street, 
Medfield Summerfield, 
Medfield Tealbriar, 
Medfield Thorpshire, 
Medfield Timberlake, 
Medfield Trail, 
Medfield Trailwood, 
Medfield Tree, 
Medfield Tysonville, 
Medfield Umstead, 
Medfield Valley, 
Medfield Village, 
Medfield West, 
Medfield Westlake, 
Medfield Westover, 
Medfield Wheeler, 
Medfield Woodcrest, 
Medfield Woods, 
Millbrook Acres, 
Millbrook Asbury, 
Millbrook Avalaire, 
Millbrook Barton, 
Millbrook Bridge, 
Millbrook Brook, 
Millbrook Carolina, 
Millbrook Church, 
Millbrook Club, 
Millbrook Country, 
Millbrook Creek, 
Millbrook Crossgate, 
Millbrook District, 
Millbrook Estates, 
Millbrook Forest, 
Millbrook Gardens, 
Millbrook Gate, 
Millbrook Government, 
Millbrook Grove, 
Millbrook Hall, 
Millbrook Haven, 
Millbrook Hedingham, 
Millbrook Heights, 
Millbrook Hi-Mount, 
Millbrook Hills, 
Millbrook Hollow, 
Millbrook Hope, 
Millbrook Lake, 
Millbrook Lakemont, 
Millbrook Lane, 
Millbrook Leesville, 
Millbrook Manchester, 
Millbrook Meadows, 
Millbrook Medfield, 
Millbrook Mill, 
Millbrook Mount, 
Millbrook North, 
Millbrook Oakwood, 
Millbrook Park, 
Millbrook Parkland, 
Millbrook Pinecrest, 
Millbrook Pines, 
Millbrook Place, 
Millbrook Plantation, 
Millbrook Pointe, 
Millbrook Ridge, 
Millbrook River, 
Millbrook Skycrest, 
Millbrook South, 
Millbrook Square, 
Millbrook Stonebridge, 
Millbrook Stonehenge, 
Millbrook Street, 
Millbrook Summerfield, 
Millbrook Tealbriar, 
Millbrook Thorpshire, 
Millbrook Timberlake, 
Millbrook Trail, 
Millbrook Trailwood, 
Millbrook Tree, 
Millbrook Tysonville, 
Millbrook Umstead, 
Millbrook Valley, 
Millbrook Village, 
Millbrook West, 
Millbrook Westlake, 
Millbrook Westover, 
Millbrook Wheeler, 
Millbrook Woodcrest, 
Millbrook Woods, 
Moore Acres, 
Moore Asbury, 
Moore Avalaire, 
Moore Barton, 
Moore Bridge, 
Moore Brook, 
Moore Carolina, 
Moore Church, 
Moore Club, 
Moore Country, 
Moore Creek, 
Moore Crossgate, 
Moore District, 
Moore Estates, 
Moore Forest, 
Moore Gardens, 
Moore Gate, 
Moore Government, 
Moore Grove, 
Moore Hall, 
Moore Haven, 
Moore Hedingham, 
Moore Heights, 
Moore Hi-Mount, 
Moore Hills, 
Moore Hollow, 
Moore Hope, 
Moore Lake, 
Moore Lakemont, 
Moore Lane, 
Moore Leesville, 
Moore Manchester, 
Moore Meadows, 
Moore Medfield, 
Moore Mill, 
Moore Mount, 
Moore North, 
Moore Oakwood, 
Moore Park, 
Moore Parkland, 
Moore Pinecrest, 
Moore Pines, 
Moore Place, 
Moore Plantation, 
Moore Pointe, 
Moore Ridge, 
Moore River, 
Moore Skycrest, 
Moore South, 
Moore Square, 
Moore Stonebridge, 
Moore Stonehenge, 
Moore Street, 
Moore Summerfield, 
Moore Tealbriar, 
Moore Thorpshire, 
Moore Timberlake, 
Moore Trail, 
Moore Trailwood, 
Moore Tree, 
Moore Tysonville, 
Moore Umstead, 
Moore Valley, 
Moore Village, 
Moore West, 
Moore Westlake, 
Moore Westover, 
Moore Wheeler, 
Moore Woodcrest, 
Moore Woods, 
Mordecai Acres, 
Mordecai Asbury, 
Mordecai Avalaire, 
Mordecai Barton, 
Mordecai Bridge, 
Mordecai Brook, 
Mordecai Carolina, 
Mordecai Church, 
Mordecai Club, 
Mordecai Country, 
Mordecai Creek, 
Mordecai Crossgate, 
Mordecai District, 
Mordecai Estates, 
Mordecai Forest, 
Mordecai Gardens, 
Mordecai Gate, 
Mordecai Government, 
Mordecai Grove, 
Mordecai Hall, 
Mordecai Haven, 
Mordecai Hedingham, 
Mordecai Heights, 
Mordecai Hi-Mount, 
Mordecai Hills, 
Mordecai Hollow, 
Mordecai Hope, 
Mordecai Lake, 
Mordecai Lakemont, 
Mordecai Lane, 
Mordecai Leesville, 
Mordecai Manchester, 
Mordecai Meadows, 
Mordecai Medfield, 
Mordecai Mill, 
Mordecai Mount, 
Mordecai North, 
Mordecai Oakwood, 
Mordecai Park, 
Mordecai Parkland, 
Mordecai Pinecrest, 
Mordecai Pines, 
Mordecai Place, 
Mordecai Plantation, 
Mordecai Pointe, 
Mordecai Ridge, 
Mordecai River, 
Mordecai Skycrest, 
Mordecai South, 
Mordecai Square, 
Mordecai Stonebridge, 
Mordecai Stonehenge, 
Mordecai Street, 
Mordecai Summerfield, 
Mordecai Tealbriar, 
Mordecai Thorpshire, 
Mordecai Timberlake, 
Mordecai Trail, 
Mordecai Trailwood, 
Mordecai Tree, 
Mordecai Tysonville, 
Mordecai Umstead, 
Mordecai Valley, 
Mordecai Village, 
Mordecai West, 
Mordecai Westlake, 
Mordecai Westover, 
Mordecai Wheeler, 
Mordecai Woodcrest, 
Mordecai Woods, 
New Acres, 
New Asbury, 
New Avalaire, 
New Barton, 
New Bridge, 
New Brook, 
New Carolina, 
New Church, 
New Club, 
New Country, 
New Creek, 
New Crossgate, 
New District, 
New Estates, 
New Forest, 
New Gardens, 
New Gate, 
New Government, 
New Grove, 
New Hall, 
New Haven, 
New Hedingham, 
New Heights, 
New Hi-Mount, 
New Hills, 
New Hollow, 
New Hope, 
New Lake, 
New Lakemont, 
New Lane, 
New Leesville, 
New Manchester, 
New Meadows, 
New Medfield, 
New Mill, 
New Mount, 
New North, 
New Oakwood, 
New Park, 
New Parkland, 
New Pinecrest, 
New Pines, 
New Place, 
New Plantation, 
New Pointe, 
New Ridge, 
New River, 
New Skycrest, 
New South, 
New Square, 
New Stonebridge, 
New Stonehenge, 
New Street, 
New Summerfield, 
New Tealbriar, 
New Thorpshire, 
New Timberlake, 
New Trail, 
New Trailwood, 
New Tree, 
New Tysonville, 
New Umstead, 
New Valley, 
New Village, 
New West, 
New Westlake, 
New Westover, 
New Wheeler, 
New Woodcrest, 
New Woods, 
North Acres, 
North Asbury, 
North Avalaire, 
North Barton, 
North Bridge, 
North Brook, 
North Carolina, 
North Church, 
North Club, 
North Country, 
North Creek, 
North Crossgate, 
North District, 
North Estates, 
North Forest, 
North Gardens, 
North Gate, 
North Government, 
North Grove, 
North Hall, 
North Haven, 
North Hedingham, 
North Heights, 
North Hi-Mount, 
North Hills, 
North Hollow, 
North Hope, 
North Lake, 
North Lakemont, 
North Lane, 
North Leesville, 
North Manchester, 
North Meadows, 
North Medfield, 
North Mill, 
North Mount, 
North North, 
North Oakwood, 
North Park, 
North Parkland, 
North Pinecrest, 
North Pines, 
North Place, 
North Plantation, 
North Pointe, 
North Ridge, 
North River, 
North Skycrest, 
North South, 
North Square, 
North Stonebridge, 
North Stonehenge, 
North Street, 
North Summerfield, 
North Tealbriar, 
North Thorpshire, 
North Timberlake, 
North Trail, 
North Trailwood, 
North Tree, 
North Tysonville, 
North Umstead, 
North Valley, 
North Village, 
North West, 
North Westlake, 
North Westover, 
North Wheeler, 
North Woodcrest, 
North Woods, 
Oak Acres, 
Oak Asbury, 
Oak Avalaire, 
Oak Barton, 
Oak Bridge, 
Oak Brook, 
Oak Carolina, 
Oak Church, 
Oak Club, 
Oak Country, 
Oak Creek, 
Oak Crossgate, 
Oak District, 
Oak Estates, 
Oak Forest, 
Oak Gardens, 
Oak Gate, 
Oak Government, 
Oak Grove, 
Oak Hall, 
Oak Haven, 
Oak Hedingham, 
Oak Heights, 
Oak Hi-Mount, 
Oak Hills, 
Oak Hollow, 
Oak Hope, 
Oak Lake, 
Oak Lakemont, 
Oak Lane, 
Oak Leesville, 
Oak Manchester, 
Oak Meadows, 
Oak Medfield, 
Oak Mill, 
Oak Mount, 
Oak North, 
Oak Oakwood, 
Oak Park, 
Oak Parkland, 
Oak Pinecrest, 
Oak Pines, 
Oak Place, 
Oak Plantation, 
Oak Pointe, 
Oak Ridge, 
Oak River, 
Oak Skycrest, 
Oak South, 
Oak Square, 
Oak Stonebridge, 
Oak Stonehenge, 
Oak Street, 
Oak Summerfield, 
Oak Tealbriar, 
Oak Thorpshire, 
Oak Timberlake, 
Oak Trail, 
Oak Trailwood, 
Oak Tree, 
Oak Tysonville, 
Oak Umstead, 
Oak Valley, 
Oak Village, 
Oak West, 
Oak Westlake, 
Oak Westover, 
Oak Wheeler, 
Oak Woodcrest, 
Oak Woods, 
Olde Acres, 
Olde Asbury, 
Olde Avalaire, 
Olde Barton, 
Olde Bridge, 
Olde Brook, 
Olde Carolina, 
Olde Church, 
Olde Club, 
Olde Country, 
Olde Creek, 
Olde Crossgate, 
Olde District, 
Olde Estates, 
Olde Forest, 
Olde Gardens, 
Olde Gate, 
Olde Government, 
Olde Grove, 
Olde Hall, 
Olde Haven, 
Olde Hedingham, 
Olde Heights, 
Olde Hi-Mount, 
Olde Hills, 
Olde Hollow, 
Olde Hope, 
Olde Lake, 
Olde Lakemont, 
Olde Lane, 
Olde Leesville, 
Olde Manchester, 
Olde Meadows, 
Olde Medfield, 
Olde Mill, 
Olde Mount, 
Olde North, 
Olde Oakwood, 
Olde Park, 
Olde Parkland, 
Olde Pinecrest, 
Olde Pines, 
Olde Place, 
Olde Plantation, 
Olde Pointe, 
Olde Ridge, 
Olde River, 
Olde Skycrest, 
Olde South, 
Olde Square, 
Olde Stonebridge, 
Olde Stonehenge, 
Olde Street, 
Olde Summerfield, 
Olde Tealbriar, 
Olde Thorpshire, 
Olde Timberlake, 
Olde Trail, 
Olde Trailwood, 
Olde Tree, 
Olde Tysonville, 
Olde Umstead, 
Olde Valley, 
Olde Village, 
Olde West, 
Olde Westlake, 
Olde Westover, 
Olde Wheeler, 
Olde Woodcrest, 
Olde Woods, 
Parkland Acres, 
Parkland Asbury, 
Parkland Avalaire, 
Parkland Barton, 
Parkland Bridge, 
Parkland Brook, 
Parkland Carolina, 
Parkland Church, 
Parkland Club, 
Parkland Country, 
Parkland Creek, 
Parkland Crossgate, 
Parkland District, 
Parkland Estates, 
Parkland Forest, 
Parkland Gardens, 
Parkland Gate, 
Parkland Government, 
Parkland Grove, 
Parkland Hall, 
Parkland Haven, 
Parkland Hedingham, 
Parkland Heights, 
Parkland Hi-Mount, 
Parkland Hills, 
Parkland Hollow, 
Parkland Hope, 
Parkland Lake, 
Parkland Lakemont, 
Parkland Lane, 
Parkland Leesville, 
Parkland Manchester, 
Parkland Meadows, 
Parkland Medfield, 
Parkland Mill, 
Parkland Mount, 
Parkland North, 
Parkland Oakwood, 
Parkland Park, 
Parkland Parkland, 
Parkland Pinecrest, 
Parkland Pines, 
Parkland Place, 
Parkland Plantation, 
Parkland Pointe, 
Parkland Ridge, 
Parkland River, 
Parkland Skycrest, 
Parkland South, 
Parkland Square, 
Parkland Stonebridge, 
Parkland Stonehenge, 
Parkland Street, 
Parkland Summerfield, 
Parkland Tealbriar, 
Parkland Thorpshire, 
Parkland Timberlake, 
Parkland Trail, 
Parkland Trailwood, 
Parkland Tree, 
Parkland Tysonville, 
Parkland Umstead, 
Parkland Valley, 
Parkland Village, 
Parkland West, 
Parkland Westlake, 
Parkland Westover, 
Parkland Wheeler, 
Parkland Woodcrest, 
Parkland Woods, 
Pinecrest Acres, 
Pinecrest Asbury, 
Pinecrest Avalaire, 
Pinecrest Barton, 
Pinecrest Bridge, 
Pinecrest Brook, 
Pinecrest Carolina, 
Pinecrest Church, 
Pinecrest Club, 
Pinecrest Country, 
Pinecrest Creek, 
Pinecrest Crossgate, 
Pinecrest District, 
Pinecrest Estates, 
Pinecrest Forest, 
Pinecrest Gardens, 
Pinecrest Gate, 
Pinecrest Government, 
Pinecrest Grove, 
Pinecrest Hall, 
Pinecrest Haven, 
Pinecrest Hedingham, 
Pinecrest Heights, 
Pinecrest Hi-Mount, 
Pinecrest Hills, 
Pinecrest Hollow, 
Pinecrest Hope, 
Pinecrest Lake, 
Pinecrest Lakemont, 
Pinecrest Lane, 
Pinecrest Leesville, 
Pinecrest Manchester, 
Pinecrest Meadows, 
Pinecrest Medfield, 
Pinecrest Mill, 
Pinecrest Mount, 
Pinecrest North, 
Pinecrest Oakwood, 
Pinecrest Park, 
Pinecrest Parkland, 
Pinecrest Pinecrest, 
Pinecrest Pines, 
Pinecrest Place, 
Pinecrest Plantation, 
Pinecrest Pointe, 
Pinecrest Ridge, 
Pinecrest River, 
Pinecrest Skycrest, 
Pinecrest South, 
Pinecrest Square, 
Pinecrest Stonebridge, 
Pinecrest Stonehenge, 
Pinecrest Street, 
Pinecrest Summerfield, 
Pinecrest Tealbriar, 
Pinecrest Thorpshire, 
Pinecrest Timberlake, 
Pinecrest Trail, 
Pinecrest Trailwood, 
Pinecrest Tree, 
Pinecrest Tysonville, 
Pinecrest Umstead, 
Pinecrest Valley, 
Pinecrest Village, 
Pinecrest West, 
Pinecrest Westlake, 
Pinecrest Westover, 
Pinecrest Wheeler, 
Pinecrest Woodcrest, 
Pinecrest Woods, 
Quail Acres, 
Quail Asbury, 
Quail Avalaire, 
Quail Barton, 
Quail Bridge, 
Quail Brook, 
Quail Carolina, 
Quail Church, 
Quail Club, 
Quail Country, 
Quail Creek, 
Quail Crossgate, 
Quail District, 
Quail Estates, 
Quail Forest, 
Quail Gardens, 
Quail Gate, 
Quail Government, 
Quail Grove, 
Quail Hall, 
Quail Haven, 
Quail Hedingham, 
Quail Heights, 
Quail Hi-Mount, 
Quail Hills, 
Quail Hollow, 
Quail Hope, 
Quail Lake, 
Quail Lakemont, 
Quail Lane, 
Quail Leesville, 
Quail Manchester, 
Quail Meadows, 
Quail Medfield, 
Quail Mill, 
Quail Mount, 
Quail North, 
Quail Oakwood, 
Quail Park, 
Quail Parkland, 
Quail Pinecrest, 
Quail Pines, 
Quail Place, 
Quail Plantation, 
Quail Pointe, 
Quail Ridge, 
Quail River, 
Quail Skycrest, 
Quail South, 
Quail Square, 
Quail Stonebridge, 
Quail Stonehenge, 
Quail Street, 
Quail Summerfield, 
Quail Tealbriar, 
Quail Thorpshire, 
Quail Timberlake, 
Quail Trail, 
Quail Trailwood, 
Quail Tree, 
Quail Tysonville, 
Quail Umstead, 
Quail Valley, 
Quail Village, 
Quail West, 
Quail Westlake, 
Quail Westover, 
Quail Wheeler, 
Quail Woodcrest, 
Quail Woods, 
Raleigh Acres, 
Raleigh Asbury, 
Raleigh Avalaire, 
Raleigh Barton, 
Raleigh Bridge, 
Raleigh Brook, 
Raleigh Carolina, 
Raleigh Church, 
Raleigh Club, 
Raleigh Country, 
Raleigh Creek, 
Raleigh Crossgate, 
Raleigh District, 
Raleigh Estates, 
Raleigh Forest, 
Raleigh Gardens, 
Raleigh Gate, 
Raleigh Government, 
Raleigh Grove, 
Raleigh Hall, 
Raleigh Haven, 
Raleigh Hedingham, 
Raleigh Heights, 
Raleigh Hi-Mount, 
Raleigh Hills, 
Raleigh Hollow, 
Raleigh Hope, 
Raleigh Lake, 
Raleigh Lakemont, 
Raleigh Lane, 
Raleigh Leesville, 
Raleigh Manchester, 
Raleigh Meadows, 
Raleigh Medfield, 
Raleigh Mill, 
Raleigh Mount, 
Raleigh North, 
Raleigh Oakwood, 
Raleigh Park, 
Raleigh Parkland, 
Raleigh Pinecrest, 
Raleigh Pines, 
Raleigh Place, 
Raleigh Plantation, 
Raleigh Pointe, 
Raleigh Ridge, 
Raleigh River, 
Raleigh Skycrest, 
Raleigh South, 
Raleigh Square, 
Raleigh Stonebridge, 
Raleigh Stonehenge, 
Raleigh Street, 
Raleigh Summerfield, 
Raleigh Tealbriar, 
Raleigh Thorpshire, 
Raleigh Timberlake, 
Raleigh Trail, 
Raleigh Trailwood, 
Raleigh Tree, 
Raleigh Tysonville, 
Raleigh Umstead, 
Raleigh Valley, 
Raleigh Village, 
Raleigh West, 
Raleigh Westlake, 
Raleigh Westover, 
Raleigh Wheeler, 
Raleigh Woodcrest, 
Raleigh Woods, 
Renaissance Acres, 
Renaissance Asbury, 
Renaissance Avalaire, 
Renaissance Barton, 
Renaissance Bridge, 
Renaissance Brook, 
Renaissance Carolina, 
Renaissance Church, 
Renaissance Club, 
Renaissance Country, 
Renaissance Creek, 
Renaissance Crossgate, 
Renaissance District, 
Renaissance Estates, 
Renaissance Forest, 
Renaissance Gardens, 
Renaissance Gate, 
Renaissance Government, 
Renaissance Grove, 
Renaissance Hall, 
Renaissance Haven, 
Renaissance Hedingham, 
Renaissance Heights, 
Renaissance Hi-Mount, 
Renaissance Hills, 
Renaissance Hollow, 
Renaissance Hope, 
Renaissance Lake, 
Renaissance Lakemont, 
Renaissance Lane, 
Renaissance Leesville, 
Renaissance Manchester, 
Renaissance Meadows, 
Renaissance Medfield, 
Renaissance Mill, 
Renaissance Mount, 
Renaissance North, 
Renaissance Oakwood, 
Renaissance Park, 
Renaissance Parkland, 
Renaissance Pinecrest, 
Renaissance Pines, 
Renaissance Place, 
Renaissance Plantation, 
Renaissance Pointe, 
Renaissance Ridge, 
Renaissance River, 
Renaissance Skycrest, 
Renaissance South, 
Renaissance Square, 
Renaissance Stonebridge, 
Renaissance Stonehenge, 
Renaissance Street, 
Renaissance Summerfield, 
Renaissance Tealbriar, 
Renaissance Thorpshire, 
Renaissance Timberlake, 
Renaissance Trail, 
Renaissance Trailwood, 
Renaissance Tree, 
Renaissance Tysonville, 
Renaissance Umstead, 
Renaissance Valley, 
Renaissance Village, 
Renaissance West, 
Renaissance Westlake, 
Renaissance Westover, 
Renaissance Wheeler, 
Renaissance Woodcrest, 
Renaissance Woods, 
Roanoke Acres, 
Roanoke Asbury, 
Roanoke Avalaire, 
Roanoke Barton, 
Roanoke Bridge, 
Roanoke Brook, 
Roanoke Carolina, 
Roanoke Church, 
Roanoke Club, 
Roanoke Country, 
Roanoke Creek, 
Roanoke Crossgate, 
Roanoke District, 
Roanoke Estates, 
Roanoke Forest, 
Roanoke Gardens, 
Roanoke Gate, 
Roanoke Government, 
Roanoke Grove, 
Roanoke Hall, 
Roanoke Haven, 
Roanoke Hedingham, 
Roanoke Heights, 
Roanoke Hi-Mount, 
Roanoke Hills, 
Roanoke Hollow, 
Roanoke Hope, 
Roanoke Lake, 
Roanoke Lakemont, 
Roanoke Lane, 
Roanoke Leesville, 
Roanoke Manchester, 
Roanoke Meadows, 
Roanoke Medfield, 
Roanoke Mill, 
Roanoke Mount, 
Roanoke North, 
Roanoke Oakwood, 
Roanoke Park, 
Roanoke Parkland, 
Roanoke Pinecrest, 
Roanoke Pines, 
Roanoke Place, 
Roanoke Plantation, 
Roanoke Pointe, 
Roanoke Ridge, 
Roanoke River, 
Roanoke Skycrest, 
Roanoke South, 
Roanoke Square, 
Roanoke Stonebridge, 
Roanoke Stonehenge, 
Roanoke Street, 
Roanoke Summerfield, 
Roanoke Tealbriar, 
Roanoke Thorpshire, 
Roanoke Timberlake, 
Roanoke Trail, 
Roanoke Trailwood, 
Roanoke Tree, 
Roanoke Tysonville, 
Roanoke Umstead, 
Roanoke Valley, 
Roanoke Village, 
Roanoke West, 
Roanoke Westlake, 
Roanoke Westover, 
Roanoke Wheeler, 
Roanoke Woodcrest, 
Roanoke Woods, 
Rochester Acres, 
Rochester Asbury, 
Rochester Avalaire, 
Rochester Barton, 
Rochester Bridge, 
Rochester Brook, 
Rochester Carolina, 
Rochester Church, 
Rochester Club, 
Rochester Country, 
Rochester Creek, 
Rochester Crossgate, 
Rochester District, 
Rochester Estates, 
Rochester Forest, 
Rochester Gardens, 
Rochester Gate, 
Rochester Government, 
Rochester Grove, 
Rochester Hall, 
Rochester Haven, 
Rochester Hedingham, 
Rochester Heights, 
Rochester Hi-Mount, 
Rochester Hills, 
Rochester Hollow, 
Rochester Hope, 
Rochester Lake, 
Rochester Lakemont, 
Rochester Lane, 
Rochester Leesville, 
Rochester Manchester, 
Rochester Meadows, 
Rochester Medfield, 
Rochester Mill, 
Rochester Mount, 
Rochester North, 
Rochester Oakwood, 
Rochester Park, 
Rochester Parkland, 
Rochester Pinecrest, 
Rochester Pines, 
Rochester Place, 
Rochester Plantation, 
Rochester Pointe, 
Rochester Ridge, 
Rochester River, 
Rochester Skycrest, 
Rochester South, 
Rochester Square, 
Rochester Stonebridge, 
Rochester Stonehenge, 
Rochester Street, 
Rochester Summerfield, 
Rochester Tealbriar, 
Rochester Thorpshire, 
Rochester Timberlake, 
Rochester Trail, 
Rochester Trailwood, 
Rochester Tree, 
Rochester Tysonville, 
Rochester Umstead, 
Rochester Valley, 
Rochester Village, 
Rochester West, 
Rochester Westlake, 
Rochester Westover, 
Rochester Wheeler, 
Rochester Woodcrest, 
Rochester Woods, 
Skycrest Acres, 
Skycrest Asbury, 
Skycrest Avalaire, 
Skycrest Barton, 
Skycrest Bridge, 
Skycrest Brook, 
Skycrest Carolina, 
Skycrest Church, 
Skycrest Club, 
Skycrest Country, 
Skycrest Creek, 
Skycrest Crossgate, 
Skycrest District, 
Skycrest Estates, 
Skycrest Forest, 
Skycrest Gardens, 
Skycrest Gate, 
Skycrest Government, 
Skycrest Grove, 
Skycrest Hall, 
Skycrest Haven, 
Skycrest Hedingham, 
Skycrest Heights, 
Skycrest Hi-Mount, 
Skycrest Hills, 
Skycrest Hollow, 
Skycrest Hope, 
Skycrest Lake, 
Skycrest Lakemont, 
Skycrest Lane, 
Skycrest Leesville, 
Skycrest Manchester, 
Skycrest Meadows, 
Skycrest Medfield, 
Skycrest Mill, 
Skycrest Mount, 
Skycrest North, 
Skycrest Oakwood, 
Skycrest Park, 
Skycrest Parkland, 
Skycrest Pinecrest, 
Skycrest Pines, 
Skycrest Place, 
Skycrest Plantation, 
Skycrest Pointe, 
Skycrest Ridge, 
Skycrest River, 
Skycrest Skycrest, 
Skycrest South, 
Skycrest Square, 
Skycrest Stonebridge, 
Skycrest Stonehenge, 
Skycrest Street, 
Skycrest Summerfield, 
Skycrest Tealbriar, 
Skycrest Thorpshire, 
Skycrest Timberlake, 
Skycrest Trail, 
Skycrest Trailwood, 
Skycrest Tree, 
Skycrest Tysonville, 
Skycrest Umstead, 
Skycrest Valley, 
Skycrest Village, 
Skycrest West, 
Skycrest Westlake, 
Skycrest Westover, 
Skycrest Wheeler, 
Skycrest Woodcrest, 
Skycrest Woods, 
South Acres, 
South Asbury, 
South Avalaire, 
South Barton, 
South Bridge, 
South Brook, 
South Carolina, 
South Church, 
South Club, 
South Country, 
South Creek, 
South Crossgate, 
South District, 
South Estates, 
South Forest, 
South Gardens, 
South Gate, 
South Government, 
South Grove, 
South Hall, 
South Haven, 
South Hedingham, 
South Heights, 
South Hi-Mount, 
South Hills, 
South Hollow, 
South Hope, 
South Lake, 
South Lakemont, 
South Lane, 
South Leesville, 
South Manchester, 
South Meadows, 
South Medfield, 
South Mill, 
South Mount, 
South North, 
South Oakwood, 
South Park, 
South Parkland, 
South Pinecrest, 
South Pines, 
South Place, 
South Plantation, 
South Pointe, 
South Ridge, 
South River, 
South Skycrest, 
South South, 
South Square, 
South Stonebridge, 
South Stonehenge, 
South Street, 
South Summerfield, 
South Tealbriar, 
South Thorpshire, 
South Timberlake, 
South Trail, 
South Trailwood, 
South Tree, 
South Tysonville, 
South Umstead, 
South Valley, 
South Village, 
South West, 
South Westlake, 
South Westover, 
South Wheeler, 
South Woodcrest, 
South Woods, 
State Acres, 
State Asbury, 
State Avalaire, 
State Barton, 
State Bridge, 
State Brook, 
State Carolina, 
State Church, 
State Club, 
State Country, 
State Creek, 
State Crossgate, 
State District, 
State Estates, 
State Forest, 
State Gardens, 
State Gate, 
State Government, 
State Grove, 
State Hall, 
State Haven, 
State Hedingham, 
State Heights, 
State Hi-Mount, 
State Hills, 
State Hollow, 
State Hope, 
State Lake, 
State Lakemont, 
State Lane, 
State Leesville, 
State Manchester, 
State Meadows, 
State Medfield, 
State Mill, 
State Mount, 
State North, 
State Oakwood, 
State Park, 
State Parkland, 
State Pinecrest, 
State Pines, 
State Place, 
State Plantation, 
State Pointe, 
State Ridge, 
State River, 
State Skycrest, 
State South, 
State Square, 
State Stonebridge, 
State Stonehenge, 
State Street, 
State Summerfield, 
State Tealbriar, 
State Thorpshire, 
State Timberlake, 
State Trail, 
State Trailwood, 
State Tree, 
State Tysonville, 
State Umstead, 
State Valley, 
State Village, 
State West, 
State Westlake, 
State Westover, 
State Wheeler, 
State Woodcrest, 
State Woods, 
Stonebridge Acres, 
Stonebridge Asbury, 
Stonebridge Avalaire, 
Stonebridge Barton, 
Stonebridge Bridge, 
Stonebridge Brook, 
Stonebridge Carolina, 
Stonebridge Church, 
Stonebridge Club, 
Stonebridge Country, 
Stonebridge Creek, 
Stonebridge Crossgate, 
Stonebridge District, 
Stonebridge Estates, 
Stonebridge Forest, 
Stonebridge Gardens, 
Stonebridge Gate, 
Stonebridge Government, 
Stonebridge Grove, 
Stonebridge Hall, 
Stonebridge Haven, 
Stonebridge Hedingham, 
Stonebridge Heights, 
Stonebridge Hi-Mount, 
Stonebridge Hills, 
Stonebridge Hollow, 
Stonebridge Hope, 
Stonebridge Lake, 
Stonebridge Lakemont, 
Stonebridge Lane, 
Stonebridge Leesville, 
Stonebridge Manchester, 
Stonebridge Meadows, 
Stonebridge Medfield, 
Stonebridge Mill, 
Stonebridge Mount, 
Stonebridge North, 
Stonebridge Oakwood, 
Stonebridge Park, 
Stonebridge Parkland, 
Stonebridge Pinecrest, 
Stonebridge Pines, 
Stonebridge Place, 
Stonebridge Plantation, 
Stonebridge Pointe, 
Stonebridge Ridge, 
Stonebridge River, 
Stonebridge Skycrest, 
Stonebridge South, 
Stonebridge Square, 
Stonebridge Stonebridge, 
Stonebridge Stonehenge, 
Stonebridge Street, 
Stonebridge Summerfield, 
Stonebridge Tealbriar, 
Stonebridge Thorpshire, 
Stonebridge Timberlake, 
Stonebridge Trail, 
Stonebridge Trailwood, 
Stonebridge Tree, 
Stonebridge Tysonville, 
Stonebridge Umstead, 
Stonebridge Valley, 
Stonebridge Village, 
Stonebridge West, 
Stonebridge Westlake, 
Stonebridge Westover, 
Stonebridge Wheeler, 
Stonebridge Woodcrest, 
Stonebridge Woods, 
Stonehenge Acres, 
Stonehenge Asbury, 
Stonehenge Avalaire, 
Stonehenge Barton, 
Stonehenge Bridge, 
Stonehenge Brook, 
Stonehenge Carolina, 
Stonehenge Church, 
Stonehenge Club, 
Stonehenge Country, 
Stonehenge Creek, 
Stonehenge Crossgate, 
Stonehenge District, 
Stonehenge Estates, 
Stonehenge Forest, 
Stonehenge Gardens, 
Stonehenge Gate, 
Stonehenge Government, 
Stonehenge Grove, 
Stonehenge Hall, 
Stonehenge Haven, 
Stonehenge Hedingham, 
Stonehenge Heights, 
Stonehenge Hi-Mount, 
Stonehenge Hills, 
Stonehenge Hollow, 
Stonehenge Hope, 
Stonehenge Lake, 
Stonehenge Lakemont, 
Stonehenge Lane, 
Stonehenge Leesville, 
Stonehenge Manchester, 
Stonehenge Meadows, 
Stonehenge Medfield, 
Stonehenge Mill, 
Stonehenge Mount, 
Stonehenge North, 
Stonehenge Oakwood, 
Stonehenge Park, 
Stonehenge Parkland, 
Stonehenge Pinecrest, 
Stonehenge Pines, 
Stonehenge Place, 
Stonehenge Plantation, 
Stonehenge Pointe, 
Stonehenge Ridge, 
Stonehenge River, 
Stonehenge Skycrest, 
Stonehenge South, 
Stonehenge Square, 
Stonehenge Stonebridge, 
Stonehenge Stonehenge, 
Stonehenge Street, 
Stonehenge Summerfield, 
Stonehenge Tealbriar, 
Stonehenge Thorpshire, 
Stonehenge Timberlake, 
Stonehenge Trail, 
Stonehenge Trailwood, 
Stonehenge Tree, 
Stonehenge Tysonville, 
Stonehenge Umstead, 
Stonehenge Valley, 
Stonehenge Village, 
Stonehenge West, 
Stonehenge Westlake, 
Stonehenge Westover, 
Stonehenge Wheeler, 
Stonehenge Woodcrest, 
Stonehenge Woods, 
Summerfield Acres, 
Summerfield Asbury, 
Summerfield Avalaire, 
Summerfield Barton, 
Summerfield Bridge, 
Summerfield Brook, 
Summerfield Carolina, 
Summerfield Church, 
Summerfield Club, 
Summerfield Country, 
Summerfield Creek, 
Summerfield Crossgate, 
Summerfield District, 
Summerfield Estates, 
Summerfield Forest, 
Summerfield Gardens, 
Summerfield Gate, 
Summerfield Government, 
Summerfield Grove, 
Summerfield Hall, 
Summerfield Haven, 
Summerfield Hedingham, 
Summerfield Heights, 
Summerfield Hi-Mount, 
Summerfield Hills, 
Summerfield Hollow, 
Summerfield Hope, 
Summerfield Lake, 
Summerfield Lakemont, 
Summerfield Lane, 
Summerfield Leesville, 
Summerfield Manchester, 
Summerfield Meadows, 
Summerfield Medfield, 
Summerfield Mill, 
Summerfield Mount, 
Summerfield North, 
Summerfield Oakwood, 
Summerfield Park, 
Summerfield Parkland, 
Summerfield Pinecrest, 
Summerfield Pines, 
Summerfield Place, 
Summerfield Plantation, 
Summerfield Pointe, 
Summerfield Ridge, 
Summerfield River, 
Summerfield Skycrest, 
Summerfield South, 
Summerfield Square, 
Summerfield Stonebridge, 
Summerfield Stonehenge, 
Summerfield Street, 
Summerfield Summerfield, 
Summerfield Tealbriar, 
Summerfield Thorpshire, 
Summerfield Timberlake, 
Summerfield Trail, 
Summerfield Trailwood, 
Summerfield Tree, 
Summerfield Tysonville, 
Summerfield Umstead, 
Summerfield Valley, 
Summerfield Village, 
Summerfield West, 
Summerfield Westlake, 
Summerfield Westover, 
Summerfield Wheeler, 
Summerfield Woodcrest, 
Summerfield Woods, 
Summit Acres, 
Summit Asbury, 
Summit Avalaire, 
Summit Barton, 
Summit Bridge, 
Summit Brook, 
Summit Carolina, 
Summit Church, 
Summit Club, 
Summit Country, 
Summit Creek, 
Summit Crossgate, 
Summit District, 
Summit Estates, 
Summit Forest, 
Summit Gardens, 
Summit Gate, 
Summit Government, 
Summit Grove, 
Summit Hall, 
Summit Haven, 
Summit Hedingham, 
Summit Heights, 
Summit Hi-Mount, 
Summit Hills, 
Summit Hollow, 
Summit Hope, 
Summit Lake, 
Summit Lakemont, 
Summit Lane, 
Summit Leesville, 
Summit Manchester, 
Summit Meadows, 
Summit Medfield, 
Summit Mill, 
Summit Mount, 
Summit North, 
Summit Oakwood, 
Summit Park, 
Summit Parkland, 
Summit Pinecrest, 
Summit Pines, 
Summit Place, 
Summit Plantation, 
Summit Pointe, 
Summit Ridge, 
Summit River, 
Summit Skycrest, 
Summit South, 
Summit Square, 
Summit Stonebridge, 
Summit Stonehenge, 
Summit Street, 
Summit Summerfield, 
Summit Tealbriar, 
Summit Thorpshire, 
Summit Timberlake, 
Summit Trail, 
Summit Trailwood, 
Summit Tree, 
Summit Tysonville, 
Summit Umstead, 
Summit Valley, 
Summit Village, 
Summit West, 
Summit Westlake, 
Summit Westover, 
Summit Wheeler, 
Summit Woodcrest, 
Summit Woods, 
Swift Acres, 
Swift Asbury, 
Swift Avalaire, 
Swift Barton, 
Swift Bridge, 
Swift Brook, 
Swift Carolina, 
Swift Church, 
Swift Club, 
Swift Country, 
Swift Creek, 
Swift Crossgate, 
Swift District, 
Swift Estates, 
Swift Forest, 
Swift Gardens, 
Swift Gate, 
Swift Government, 
Swift Grove, 
Swift Hall, 
Swift Haven, 
Swift Hedingham, 
Swift Heights, 
Swift Hi-Mount, 
Swift Hills, 
Swift Hollow, 
Swift Hope, 
Swift Lake, 
Swift Lakemont, 
Swift Lane, 
Swift Leesville, 
Swift Manchester, 
Swift Meadows, 
Swift Medfield, 
Swift Mill, 
Swift Mount, 
Swift North, 
Swift Oakwood, 
Swift Park, 
Swift Parkland, 
Swift Pinecrest, 
Swift Pines, 
Swift Place, 
Swift Plantation, 
Swift Pointe, 
Swift Ridge, 
Swift River, 
Swift Skycrest, 
Swift South, 
Swift Square, 
Swift Stonebridge, 
Swift Stonehenge, 
Swift Street, 
Swift Summerfield, 
Swift Tealbriar, 
Swift Thorpshire, 
Swift Timberlake, 
Swift Trail, 
Swift Trailwood, 
Swift Tree, 
Swift Tysonville, 
Swift Umstead, 
Swift Valley, 
Swift Village, 
Swift West, 
Swift Westlake, 
Swift Westover, 
Swift Wheeler, 
Swift Woodcrest, 
Swift Woods, 
Tadlock Acres, 
Tadlock Asbury, 
Tadlock Avalaire, 
Tadlock Barton, 
Tadlock Bridge, 
Tadlock Brook, 
Tadlock Carolina, 
Tadlock Church, 
Tadlock Club, 
Tadlock Country, 
Tadlock Creek, 
Tadlock Crossgate, 
Tadlock District, 
Tadlock Estates, 
Tadlock Forest, 
Tadlock Gardens, 
Tadlock Gate, 
Tadlock Government, 
Tadlock Grove, 
Tadlock Hall, 
Tadlock Haven, 
Tadlock Hedingham, 
Tadlock Heights, 
Tadlock Hi-Mount, 
Tadlock Hills, 
Tadlock Hollow, 
Tadlock Hope, 
Tadlock Lake, 
Tadlock Lakemont, 
Tadlock Lane, 
Tadlock Leesville, 
Tadlock Manchester, 
Tadlock Meadows, 
Tadlock Medfield, 
Tadlock Mill, 
Tadlock Mount, 
Tadlock North, 
Tadlock Oakwood, 
Tadlock Park, 
Tadlock Parkland, 
Tadlock Pinecrest, 
Tadlock Pines, 
Tadlock Place, 
Tadlock Plantation, 
Tadlock Pointe, 
Tadlock Ridge, 
Tadlock River, 
Tadlock Skycrest, 
Tadlock South, 
Tadlock Square, 
Tadlock Stonebridge, 
Tadlock Stonehenge, 
Tadlock Street, 
Tadlock Summerfield, 
Tadlock Tealbriar, 
Tadlock Thorpshire, 
Tadlock Timberlake, 
Tadlock Trail, 
Tadlock Trailwood, 
Tadlock Tree, 
Tadlock Tysonville, 
Tadlock Umstead, 
Tadlock Valley, 
Tadlock Village, 
Tadlock West, 
Tadlock Westlake, 
Tadlock Westover, 
Tadlock Wheeler, 
Tadlock Woodcrest, 
Tadlock Woods, 
Tealbriar Acres, 
Tealbriar Asbury, 
Tealbriar Avalaire, 
Tealbriar Barton, 
Tealbriar Bridge, 
Tealbriar Brook, 
Tealbriar Carolina, 
Tealbriar Church, 
Tealbriar Club, 
Tealbriar Country, 
Tealbriar Creek, 
Tealbriar Crossgate, 
Tealbriar District, 
Tealbriar Estates, 
Tealbriar Forest, 
Tealbriar Gardens, 
Tealbriar Gate, 
Tealbriar Government, 
Tealbriar Grove, 
Tealbriar Hall, 
Tealbriar Haven, 
Tealbriar Hedingham, 
Tealbriar Heights, 
Tealbriar Hi-Mount, 
Tealbriar Hills, 
Tealbriar Hollow, 
Tealbriar Hope, 
Tealbriar Lake, 
Tealbriar Lakemont, 
Tealbriar Lane, 
Tealbriar Leesville, 
Tealbriar Manchester, 
Tealbriar Meadows, 
Tealbriar Medfield, 
Tealbriar Mill, 
Tealbriar Mount, 
Tealbriar North, 
Tealbriar Oakwood, 
Tealbriar Park, 
Tealbriar Parkland, 
Tealbriar Pinecrest, 
Tealbriar Pines, 
Tealbriar Place, 
Tealbriar Plantation, 
Tealbriar Pointe, 
Tealbriar Ridge, 
Tealbriar River, 
Tealbriar Skycrest, 
Tealbriar South, 
Tealbriar Square, 
Tealbriar Stonebridge, 
Tealbriar Stonehenge, 
Tealbriar Street, 
Tealbriar Summerfield, 
Tealbriar Tealbriar, 
Tealbriar Thorpshire, 
Tealbriar Timberlake, 
Tealbriar Trail, 
Tealbriar Trailwood, 
Tealbriar Tree, 
Tealbriar Tysonville, 
Tealbriar Umstead, 
Tealbriar Valley, 
Tealbriar Village, 
Tealbriar West, 
Tealbriar Westlake, 
Tealbriar Westover, 
Tealbriar Wheeler, 
Tealbriar Woodcrest, 
Tealbriar Woods, 
Thorpshire Acres, 
Thorpshire Asbury, 
Thorpshire Avalaire, 
Thorpshire Barton, 
Thorpshire Bridge, 
Thorpshire Brook, 
Thorpshire Carolina, 
Thorpshire Church, 
Thorpshire Club, 
Thorpshire Country, 
Thorpshire Creek, 
Thorpshire Crossgate, 
Thorpshire District, 
Thorpshire Estates, 
Thorpshire Forest, 
Thorpshire Gardens, 
Thorpshire Gate, 
Thorpshire Government, 
Thorpshire Grove, 
Thorpshire Hall, 
Thorpshire Haven, 
Thorpshire Hedingham, 
Thorpshire Heights, 
Thorpshire Hi-Mount, 
Thorpshire Hills, 
Thorpshire Hollow, 
Thorpshire Hope, 
Thorpshire Lake, 
Thorpshire Lakemont, 
Thorpshire Lane, 
Thorpshire Leesville, 
Thorpshire Manchester, 
Thorpshire Meadows, 
Thorpshire Medfield, 
Thorpshire Mill, 
Thorpshire Mount, 
Thorpshire North, 
Thorpshire Oakwood, 
Thorpshire Park, 
Thorpshire Parkland, 
Thorpshire Pinecrest, 
Thorpshire Pines, 
Thorpshire Place, 
Thorpshire Plantation, 
Thorpshire Pointe, 
Thorpshire Ridge, 
Thorpshire River, 
Thorpshire Skycrest, 
Thorpshire South, 
Thorpshire Square, 
Thorpshire Stonebridge, 
Thorpshire Stonehenge, 
Thorpshire Street, 
Thorpshire Summerfield, 
Thorpshire Tealbriar, 
Thorpshire Thorpshire, 
Thorpshire Timberlake, 
Thorpshire Trail, 
Thorpshire Trailwood, 
Thorpshire Tree, 
Thorpshire Tysonville, 
Thorpshire Umstead, 
Thorpshire Valley, 
Thorpshire Village, 
Thorpshire West, 
Thorpshire Westlake, 
Thorpshire Westover, 
Thorpshire Wheeler, 
Thorpshire Woodcrest, 
Thorpshire Woods, 
Timberlake Acres, 
Timberlake Asbury, 
Timberlake Avalaire, 
Timberlake Barton, 
Timberlake Bridge, 
Timberlake Brook, 
Timberlake Carolina, 
Timberlake Church, 
Timberlake Club, 
Timberlake Country, 
Timberlake Creek, 
Timberlake Crossgate, 
Timberlake District, 
Timberlake Estates, 
Timberlake Forest, 
Timberlake Gardens, 
Timberlake Gate, 
Timberlake Government, 
Timberlake Grove, 
Timberlake Hall, 
Timberlake Haven, 
Timberlake Hedingham, 
Timberlake Heights, 
Timberlake Hi-Mount, 
Timberlake Hills, 
Timberlake Hollow, 
Timberlake Hope, 
Timberlake Lake, 
Timberlake Lakemont, 
Timberlake Lane, 
Timberlake Leesville, 
Timberlake Manchester, 
Timberlake Meadows, 
Timberlake Medfield, 
Timberlake Mill, 
Timberlake Mount, 
Timberlake North, 
Timberlake Oakwood, 
Timberlake Park, 
Timberlake Parkland, 
Timberlake Pinecrest, 
Timberlake Pines, 
Timberlake Place, 
Timberlake Plantation, 
Timberlake Pointe, 
Timberlake Ridge, 
Timberlake River, 
Timberlake Skycrest, 
Timberlake South, 
Timberlake Square, 
Timberlake Stonebridge, 
Timberlake Stonehenge, 
Timberlake Street, 
Timberlake Summerfield, 
Timberlake Tealbriar, 
Timberlake Thorpshire, 
Timberlake Timberlake, 
Timberlake Trail, 
Timberlake Trailwood, 
Timberlake Tree, 
Timberlake Tysonville, 
Timberlake Umstead, 
Timberlake Valley, 
Timberlake Village, 
Timberlake West, 
Timberlake Westlake, 
Timberlake Westover, 
Timberlake Wheeler, 
Timberlake Woodcrest, 
Timberlake Woods, 
Trailwood Acres, 
Trailwood Asbury, 
Trailwood Avalaire, 
Trailwood Barton, 
Trailwood Bridge, 
Trailwood Brook, 
Trailwood Carolina, 
Trailwood Church, 
Trailwood Club, 
Trailwood Country, 
Trailwood Creek, 
Trailwood Crossgate, 
Trailwood District, 
Trailwood Estates, 
Trailwood Forest, 
Trailwood Gardens, 
Trailwood Gate, 
Trailwood Government, 
Trailwood Grove, 
Trailwood Hall, 
Trailwood Haven, 
Trailwood Hedingham, 
Trailwood Heights, 
Trailwood Hi-Mount, 
Trailwood Hills, 
Trailwood Hollow, 
Trailwood Hope, 
Trailwood Lake, 
Trailwood Lakemont, 
Trailwood Lane, 
Trailwood Leesville, 
Trailwood Manchester, 
Trailwood Meadows, 
Trailwood Medfield, 
Trailwood Mill, 
Trailwood Mount, 
Trailwood North, 
Trailwood Oakwood, 
Trailwood Park, 
Trailwood Parkland, 
Trailwood Pinecrest, 
Trailwood Pines, 
Trailwood Place, 
Trailwood Plantation, 
Trailwood Pointe, 
Trailwood Ridge, 
Trailwood River, 
Trailwood Skycrest, 
Trailwood South, 
Trailwood Square, 
Trailwood Stonebridge, 
Trailwood Stonehenge, 
Trailwood Street, 
Trailwood Summerfield, 
Trailwood Tealbriar, 
Trailwood Thorpshire, 
Trailwood Timberlake, 
Trailwood Trail, 
Trailwood Trailwood, 
Trailwood Tree, 
Trailwood Tysonville, 
Trailwood Umstead, 
Trailwood Valley, 
Trailwood Village, 
Trailwood West, 
Trailwood Westlake, 
Trailwood Westover, 
Trailwood Wheeler, 
Trailwood Woodcrest, 
Trailwood Woods, 
Trinity Acres, 
Trinity Asbury, 
Trinity Avalaire, 
Trinity Barton, 
Trinity Bridge, 
Trinity Brook, 
Trinity Carolina, 
Trinity Church, 
Trinity Club, 
Trinity Country, 
Trinity Creek, 
Trinity Crossgate, 
Trinity District, 
Trinity Estates, 
Trinity Forest, 
Trinity Gardens, 
Trinity Gate, 
Trinity Government, 
Trinity Grove, 
Trinity Hall, 
Trinity Haven, 
Trinity Hedingham, 
Trinity Heights, 
Trinity Hi-Mount, 
Trinity Hills, 
Trinity Hollow, 
Trinity Hope, 
Trinity Lake, 
Trinity Lakemont, 
Trinity Lane, 
Trinity Leesville, 
Trinity Manchester, 
Trinity Meadows, 
Trinity Medfield, 
Trinity Mill, 
Trinity Mount, 
Trinity North, 
Trinity Oakwood, 
Trinity Park, 
Trinity Parkland, 
Trinity Pinecrest, 
Trinity Pines, 
Trinity Place, 
Trinity Plantation, 
Trinity Pointe, 
Trinity Ridge, 
Trinity River, 
Trinity Skycrest, 
Trinity South, 
Trinity Square, 
Trinity Stonebridge, 
Trinity Stonehenge, 
Trinity Street, 
Trinity Summerfield, 
Trinity Tealbriar, 
Trinity Thorpshire, 
Trinity Timberlake, 
Trinity Trail, 
Trinity Trailwood, 
Trinity Tree, 
Trinity Tysonville, 
Trinity Umstead, 
Trinity Valley, 
Trinity Village, 
Trinity West, 
Trinity Westlake, 
Trinity Westover, 
Trinity Wheeler, 
Trinity Woodcrest, 
Trinity Woods, 
Tysonville Acres, 
Tysonville Asbury, 
Tysonville Avalaire, 
Tysonville Barton, 
Tysonville Bridge, 
Tysonville Brook, 
Tysonville Carolina, 
Tysonville Church, 
Tysonville Club, 
Tysonville Country, 
Tysonville Creek, 
Tysonville Crossgate, 
Tysonville District, 
Tysonville Estates, 
Tysonville Forest, 
Tysonville Gardens, 
Tysonville Gate, 
Tysonville Government, 
Tysonville Grove, 
Tysonville Hall, 
Tysonville Haven, 
Tysonville Hedingham, 
Tysonville Heights, 
Tysonville Hi-Mount, 
Tysonville Hills, 
Tysonville Hollow, 
Tysonville Hope, 
Tysonville Lake, 
Tysonville Lakemont, 
Tysonville Lane, 
Tysonville Leesville, 
Tysonville Manchester, 
Tysonville Meadows, 
Tysonville Medfield, 
Tysonville Mill, 
Tysonville Mount, 
Tysonville North, 
Tysonville Oakwood, 
Tysonville Park, 
Tysonville Parkland, 
Tysonville Pinecrest, 
Tysonville Pines, 
Tysonville Place, 
Tysonville Plantation, 
Tysonville Pointe, 
Tysonville Ridge, 
Tysonville River, 
Tysonville Skycrest, 
Tysonville South, 
Tysonville Square, 
Tysonville Stonebridge, 
Tysonville Stonehenge, 
Tysonville Street, 
Tysonville Summerfield, 
Tysonville Tealbriar, 
Tysonville Thorpshire, 
Tysonville Timberlake, 
Tysonville Trail, 
Tysonville Trailwood, 
Tysonville Tree, 
Tysonville Tysonville, 
Tysonville Umstead, 
Tysonville Valley, 
Tysonville Village, 
Tysonville West, 
Tysonville Westlake, 
Tysonville Westover, 
Tysonville Wheeler, 
Tysonville Woodcrest, 
Tysonville Woods, 
Umstead Acres, 
Umstead Asbury, 
Umstead Avalaire, 
Umstead Barton, 
Umstead Bridge, 
Umstead Brook, 
Umstead Carolina, 
Umstead Church, 
Umstead Club, 
Umstead Country, 
Umstead Creek, 
Umstead Crossgate, 
Umstead District, 
Umstead Estates, 
Umstead Forest, 
Umstead Gardens, 
Umstead Gate, 
Umstead Government, 
Umstead Grove, 
Umstead Hall, 
Umstead Haven, 
Umstead Hedingham, 
Umstead Heights, 
Umstead Hi-Mount, 
Umstead Hills, 
Umstead Hollow, 
Umstead Hope, 
Umstead Lake, 
Umstead Lakemont, 
Umstead Lane, 
Umstead Leesville, 
Umstead Manchester, 
Umstead Meadows, 
Umstead Medfield, 
Umstead Mill, 
Umstead Mount, 
Umstead North, 
Umstead Oakwood, 
Umstead Park, 
Umstead Parkland, 
Umstead Pinecrest, 
Umstead Pines, 
Umstead Place, 
Umstead Plantation, 
Umstead Pointe, 
Umstead Ridge, 
Umstead River, 
Umstead Skycrest, 
Umstead South, 
Umstead Square, 
Umstead Stonebridge, 
Umstead Stonehenge, 
Umstead Street, 
Umstead Summerfield, 
Umstead Tealbriar, 
Umstead Thorpshire, 
Umstead Timberlake, 
Umstead Trail, 
Umstead Trailwood, 
Umstead Tree, 
Umstead Tysonville, 
Umstead Umstead, 
Umstead Valley, 
Umstead Village, 
Umstead West, 
Umstead Westlake, 
Umstead Westover, 
Umstead Wheeler, 
Umstead Woodcrest, 
Umstead Woods, 
University Acres, 
University Asbury, 
University Avalaire, 
University Barton, 
University Bridge, 
University Brook, 
University Carolina, 
University Church, 
University Club, 
University Country, 
University Creek, 
University Crossgate, 
University District, 
University Estates, 
University Forest, 
University Gardens, 
University Gate, 
University Government, 
University Grove, 
University Hall, 
University Haven, 
University Hedingham, 
University Heights, 
University Hi-Mount, 
University Hills, 
University Hollow, 
University Hope, 
University Lake, 
University Lakemont, 
University Lane, 
University Leesville, 
University Manchester, 
University Meadows, 
University Medfield, 
University Mill, 
University Mount, 
University North, 
University Oakwood, 
University Park, 
University Parkland, 
University Pinecrest, 
University Pines, 
University Place, 
University Plantation, 
University Pointe, 
University Ridge, 
University River, 
University Skycrest, 
University South, 
University Square, 
University Stonebridge, 
University Stonehenge, 
University Street, 
University Summerfield, 
University Tealbriar, 
University Thorpshire, 
University Timberlake, 
University Trail, 
University Trailwood, 
University Tree, 
University Tysonville, 
University Umstead, 
University Valley, 
University Village, 
University West, 
University Westlake, 
University Westover, 
University Wheeler, 
University Woodcrest, 
University Woods, 
Vanguard Acres, 
Vanguard Asbury, 
Vanguard Avalaire, 
Vanguard Barton, 
Vanguard Bridge, 
Vanguard Brook, 
Vanguard Carolina, 
Vanguard Church, 
Vanguard Club, 
Vanguard Country, 
Vanguard Creek, 
Vanguard Crossgate, 
Vanguard District, 
Vanguard Estates, 
Vanguard Forest, 
Vanguard Gardens, 
Vanguard Gate, 
Vanguard Government, 
Vanguard Grove, 
Vanguard Hall, 
Vanguard Haven, 
Vanguard Hedingham, 
Vanguard Heights, 
Vanguard Hi-Mount, 
Vanguard Hills, 
Vanguard Hollow, 
Vanguard Hope, 
Vanguard Lake, 
Vanguard Lakemont, 
Vanguard Lane, 
Vanguard Leesville, 
Vanguard Manchester, 
Vanguard Meadows, 
Vanguard Medfield, 
Vanguard Mill, 
Vanguard Mount, 
Vanguard North, 
Vanguard Oakwood, 
Vanguard Park, 
Vanguard Parkland, 
Vanguard Pinecrest, 
Vanguard Pines, 
Vanguard Place, 
Vanguard Plantation, 
Vanguard Pointe, 
Vanguard Ridge, 
Vanguard River, 
Vanguard Skycrest, 
Vanguard South, 
Vanguard Square, 
Vanguard Stonebridge, 
Vanguard Stonehenge, 
Vanguard Street, 
Vanguard Summerfield, 
Vanguard Tealbriar, 
Vanguard Thorpshire, 
Vanguard Timberlake, 
Vanguard Trail, 
Vanguard Trailwood, 
Vanguard Tree, 
Vanguard Tysonville, 
Vanguard Umstead, 
Vanguard Valley, 
Vanguard Village, 
Vanguard West, 
Vanguard Westlake, 
Vanguard Westover, 
Vanguard Wheeler, 
Vanguard Woodcrest, 
Vanguard Woods, 
Victoria Acres, 
Victoria Asbury, 
Victoria Avalaire, 
Victoria Barton, 
Victoria Bridge, 
Victoria Brook, 
Victoria Carolina, 
Victoria Church, 
Victoria Club, 
Victoria Country, 
Victoria Creek, 
Victoria Crossgate, 
Victoria District, 
Victoria Estates, 
Victoria Forest, 
Victoria Gardens, 
Victoria Gate, 
Victoria Government, 
Victoria Grove, 
Victoria Hall, 
Victoria Haven, 
Victoria Hedingham, 
Victoria Heights, 
Victoria Hi-Mount, 
Victoria Hills, 
Victoria Hollow, 
Victoria Hope, 
Victoria Lake, 
Victoria Lakemont, 
Victoria Lane, 
Victoria Leesville, 
Victoria Manchester, 
Victoria Meadows, 
Victoria Medfield, 
Victoria Mill, 
Victoria Mount, 
Victoria North, 
Victoria Oakwood, 
Victoria Park, 
Victoria Parkland, 
Victoria Pinecrest, 
Victoria Pines, 
Victoria Place, 
Victoria Plantation, 
Victoria Pointe, 
Victoria Ridge, 
Victoria River, 
Victoria Skycrest, 
Victoria South, 
Victoria Square, 
Victoria Stonebridge, 
Victoria Stonehenge, 
Victoria Street, 
Victoria Summerfield, 
Victoria Tealbriar, 
Victoria Thorpshire, 
Victoria Timberlake, 
Victoria Trail, 
Victoria Trailwood, 
Victoria Tree, 
Victoria Tysonville, 
Victoria Umstead, 
Victoria Valley, 
Victoria Village, 
Victoria West, 
Victoria Westlake, 
Victoria Westover, 
Victoria Wheeler, 
Victoria Woodcrest, 
Victoria Woods, 
Village Acres, 
Village Asbury, 
Village Avalaire, 
Village Barton, 
Village Bridge, 
Village Brook, 
Village Carolina, 
Village Church, 
Village Club, 
Village Country, 
Village Creek, 
Village Crossgate, 
Village District, 
Village Estates, 
Village Forest, 
Village Gardens, 
Village Gate, 
Village Government, 
Village Grove, 
Village Hall, 
Village Haven, 
Village Hedingham, 
Village Heights, 
Village Hi-Mount, 
Village Hills, 
Village Hollow, 
Village Hope, 
Village Lake, 
Village Lakemont, 
Village Lane, 
Village Leesville, 
Village Manchester, 
Village Meadows, 
Village Medfield, 
Village Mill, 
Village Mount, 
Village North, 
Village Oakwood, 
Village Park, 
Village Parkland, 
Village Pinecrest, 
Village Pines, 
Village Place, 
Village Plantation, 
Village Pointe, 
Village Ridge, 
Village River, 
Village Skycrest, 
Village South, 
Village Square, 
Village Stonebridge, 
Village Stonehenge, 
Village Street, 
Village Summerfield, 
Village Tealbriar, 
Village Thorpshire, 
Village Timberlake, 
Village Trail, 
Village Trailwood, 
Village Tree, 
Village Tysonville, 
Village Umstead, 
Village Valley, 
Village Village, 
Village West, 
Village Westlake, 
Village Westover, 
Village Wheeler, 
Village Woodcrest, 
Village Woods, 
Wakefield Acres, 
Wakefield Asbury, 
Wakefield Avalaire, 
Wakefield Barton, 
Wakefield Bridge, 
Wakefield Brook, 
Wakefield Carolina, 
Wakefield Church, 
Wakefield Club, 
Wakefield Country, 
Wakefield Creek, 
Wakefield Crossgate, 
Wakefield District, 
Wakefield Estates, 
Wakefield Forest, 
Wakefield Gardens, 
Wakefield Gate, 
Wakefield Government, 
Wakefield Grove, 
Wakefield Hall, 
Wakefield Haven, 
Wakefield Hedingham, 
Wakefield Heights, 
Wakefield Hi-Mount, 
Wakefield Hills, 
Wakefield Hollow, 
Wakefield Hope, 
Wakefield Lake, 
Wakefield Lakemont, 
Wakefield Lane, 
Wakefield Leesville, 
Wakefield Manchester, 
Wakefield Meadows, 
Wakefield Medfield, 
Wakefield Mill, 
Wakefield Mount, 
Wakefield North, 
Wakefield Oakwood, 
Wakefield Park, 
Wakefield Parkland, 
Wakefield Pinecrest, 
Wakefield Pines, 
Wakefield Place, 
Wakefield Plantation, 
Wakefield Pointe, 
Wakefield Ridge, 
Wakefield River, 
Wakefield Skycrest, 
Wakefield South, 
Wakefield Square, 
Wakefield Stonebridge, 
Wakefield Stonehenge, 
Wakefield Street, 
Wakefield Summerfield, 
Wakefield Tealbriar, 
Wakefield Thorpshire, 
Wakefield Timberlake, 
Wakefield Trail, 
Wakefield Trailwood, 
Wakefield Tree, 
Wakefield Tysonville, 
Wakefield Umstead, 
Wakefield Valley, 
Wakefield Village, 
Wakefield West, 
Wakefield Westlake, 
Wakefield Westover, 
Wakefield Wheeler, 
Wakefield Woodcrest, 
Wakefield Woods, 
Walnut Acres, 
Walnut Asbury, 
Walnut Avalaire, 
Walnut Barton, 
Walnut Bridge, 
Walnut Brook, 
Walnut Carolina, 
Walnut Church, 
Walnut Club, 
Walnut Country, 
Walnut Creek, 
Walnut Crossgate, 
Walnut District, 
Walnut Estates, 
Walnut Forest, 
Walnut Gardens, 
Walnut Gate, 
Walnut Government, 
Walnut Grove, 
Walnut Hall, 
Walnut Haven, 
Walnut Hedingham, 
Walnut Heights, 
Walnut Hi-Mount, 
Walnut Hills, 
Walnut Hollow, 
Walnut Hope, 
Walnut Lake, 
Walnut Lakemont, 
Walnut Lane, 
Walnut Leesville, 
Walnut Manchester, 
Walnut Meadows, 
Walnut Medfield, 
Walnut Mill, 
Walnut Mount, 
Walnut North, 
Walnut Oakwood, 
Walnut Park, 
Walnut Parkland, 
Walnut Pinecrest, 
Walnut Pines, 
Walnut Place, 
Walnut Plantation, 
Walnut Pointe, 
Walnut Ridge, 
Walnut River, 
Walnut Skycrest, 
Walnut South, 
Walnut Square, 
Walnut Stonebridge, 
Walnut Stonehenge, 
Walnut Street, 
Walnut Summerfield, 
Walnut Tealbriar, 
Walnut Thorpshire, 
Walnut Timberlake, 
Walnut Trail, 
Walnut Trailwood, 
Walnut Tree, 
Walnut Tysonville, 
Walnut Umstead, 
Walnut Valley, 
Walnut Village, 
Walnut West, 
Walnut Westlake, 
Walnut Westover, 
Walnut Wheeler, 
Walnut Woodcrest, 
Walnut Woods, 
Warehouse Acres, 
Warehouse Asbury, 
Warehouse Avalaire, 
Warehouse Barton, 
Warehouse Bridge, 
Warehouse Brook, 
Warehouse Carolina, 
Warehouse Church, 
Warehouse Club, 
Warehouse Country, 
Warehouse Creek, 
Warehouse Crossgate, 
Warehouse District, 
Warehouse Estates, 
Warehouse Forest, 
Warehouse Gardens, 
Warehouse Gate, 
Warehouse Government, 
Warehouse Grove, 
Warehouse Hall, 
Warehouse Haven, 
Warehouse Hedingham, 
Warehouse Heights, 
Warehouse Hi-Mount, 
Warehouse Hills, 
Warehouse Hollow, 
Warehouse Hope, 
Warehouse Lake, 
Warehouse Lakemont, 
Warehouse Lane, 
Warehouse Leesville, 
Warehouse Manchester, 
Warehouse Meadows, 
Warehouse Medfield, 
Warehouse Mill, 
Warehouse Mount, 
Warehouse North, 
Warehouse Oakwood, 
Warehouse Park, 
Warehouse Parkland, 
Warehouse Pinecrest, 
Warehouse Pines, 
Warehouse Place, 
Warehouse Plantation, 
Warehouse Pointe, 
Warehouse Ridge, 
Warehouse River, 
Warehouse Skycrest, 
Warehouse South, 
Warehouse Square, 
Warehouse Stonebridge, 
Warehouse Stonehenge, 
Warehouse Street, 
Warehouse Summerfield, 
Warehouse Tealbriar, 
Warehouse Thorpshire, 
Warehouse Timberlake, 
Warehouse Trail, 
Warehouse Trailwood, 
Warehouse Tree, 
Warehouse Tysonville, 
Warehouse Umstead, 
Warehouse Valley, 
Warehouse Village, 
Warehouse West, 
Warehouse Westlake, 
Warehouse Westover, 
Warehouse Wheeler, 
Warehouse Woodcrest, 
Warehouse Woods, 
Wayland Acres, 
Wayland Asbury, 
Wayland Avalaire, 
Wayland Barton, 
Wayland Bridge, 
Wayland Brook, 
Wayland Carolina, 
Wayland Church, 
Wayland Club, 
Wayland Country, 
Wayland Creek, 
Wayland Crossgate, 
Wayland District, 
Wayland Estates, 
Wayland Forest, 
Wayland Gardens, 
Wayland Gate, 
Wayland Government, 
Wayland Grove, 
Wayland Hall, 
Wayland Haven, 
Wayland Hedingham, 
Wayland Heights, 
Wayland Hi-Mount, 
Wayland Hills, 
Wayland Hollow, 
Wayland Hope, 
Wayland Lake, 
Wayland Lakemont, 
Wayland Lane, 
Wayland Leesville, 
Wayland Manchester, 
Wayland Meadows, 
Wayland Medfield, 
Wayland Mill, 
Wayland Mount, 
Wayland North, 
Wayland Oakwood, 
Wayland Park, 
Wayland Parkland, 
Wayland Pinecrest, 
Wayland Pines, 
Wayland Place, 
Wayland Plantation, 
Wayland Pointe, 
Wayland Ridge, 
Wayland River, 
Wayland Skycrest, 
Wayland South, 
Wayland Square, 
Wayland Stonebridge, 
Wayland Stonehenge, 
Wayland Street, 
Wayland Summerfield, 
Wayland Tealbriar, 
Wayland Thorpshire, 
Wayland Timberlake, 
Wayland Trail, 
Wayland Trailwood, 
Wayland Tree, 
Wayland Tysonville, 
Wayland Umstead, 
Wayland Valley, 
Wayland Village, 
Wayland West, 
Wayland Westlake, 
Wayland Westover, 
Wayland Wheeler, 
Wayland Woodcrest, 
Wayland Woods, 
West Acres, 
West Asbury, 
West Avalaire, 
West Barton, 
West Bridge, 
West Brook, 
West Carolina, 
West Church, 
West Club, 
West Country, 
West Creek, 
West Crossgate, 
West District, 
West Estates, 
West Forest, 
West Gardens, 
West Gate, 
West Government, 
West Grove, 
West Hall, 
West Haven, 
West Hedingham, 
West Heights, 
West Hi-Mount, 
West Hills, 
West Hollow, 
West Hope, 
West Lake, 
West Lakemont, 
West Lane, 
West Leesville, 
West Manchester, 
West Meadows, 
West Medfield, 
West Mill, 
West Mount, 
West North, 
West Oakwood, 
West Park, 
West Parkland, 
West Pinecrest, 
West Pines, 
West Place, 
West Plantation, 
West Pointe, 
West Ridge, 
West River, 
West Skycrest, 
West South, 
West Square, 
West Stonebridge, 
West Stonehenge, 
West Street, 
West Summerfield, 
West Tealbriar, 
West Thorpshire, 
West Timberlake, 
West Trail, 
West Trailwood, 
West Tree, 
West Tysonville, 
West Umstead, 
West Valley, 
West Village, 
West West, 
West Westlake, 
West Westover, 
West Wheeler, 
West Woodcrest, 
West Woods, 
Westlake Acres, 
Westlake Asbury, 
Westlake Avalaire, 
Westlake Barton, 
Westlake Bridge, 
Westlake Brook, 
Westlake Carolina, 
Westlake Church, 
Westlake Club, 
Westlake Country, 
Westlake Creek, 
Westlake Crossgate, 
Westlake District, 
Westlake Estates, 
Westlake Forest, 
Westlake Gardens, 
Westlake Gate, 
Westlake Government, 
Westlake Grove, 
Westlake Hall, 
Westlake Haven, 
Westlake Hedingham, 
Westlake Heights, 
Westlake Hi-Mount, 
Westlake Hills, 
Westlake Hollow, 
Westlake Hope, 
Westlake Lake, 
Westlake Lakemont, 
Westlake Lane, 
Westlake Leesville, 
Westlake Manchester, 
Westlake Meadows, 
Westlake Medfield, 
Westlake Mill, 
Westlake Mount, 
Westlake North, 
Westlake Oakwood, 
Westlake Park, 
Westlake Parkland, 
Westlake Pinecrest, 
Westlake Pines, 
Westlake Place, 
Westlake Plantation, 
Westlake Pointe, 
Westlake Ridge, 
Westlake River, 
Westlake Skycrest, 
Westlake South, 
Westlake Square, 
Westlake Stonebridge, 
Westlake Stonehenge, 
Westlake Street, 
Westlake Summerfield, 
Westlake Tealbriar, 
Westlake Thorpshire, 
Westlake Timberlake, 
Westlake Trail, 
Westlake Trailwood, 
Westlake Tree, 
Westlake Tysonville, 
Westlake Umstead, 
Westlake Valley, 
Westlake Village, 
Westlake West, 
Westlake Westlake, 
Westlake Westover, 
Westlake Wheeler, 
Westlake Woodcrest, 
Westlake Woods, 
Westover Acres, 
Westover Asbury, 
Westover Avalaire, 
Westover Barton, 
Westover Bridge, 
Westover Brook, 
Westover Carolina, 
Westover Church, 
Westover Club, 
Westover Country, 
Westover Creek, 
Westover Crossgate, 
Westover District, 
Westover Estates, 
Westover Forest, 
Westover Gardens, 
Westover Gate, 
Westover Government, 
Westover Grove, 
Westover Hall, 
Westover Haven, 
Westover Hedingham, 
Westover Heights, 
Westover Hi-Mount, 
Westover Hills, 
Westover Hollow, 
Westover Hope, 
Westover Lake, 
Westover Lakemont, 
Westover Lane, 
Westover Leesville, 
Westover Manchester, 
Westover Meadows, 
Westover Medfield, 
Westover Mill, 
Westover Mount, 
Westover North, 
Westover Oakwood, 
Westover Park, 
Westover Parkland, 
Westover Pinecrest, 
Westover Pines, 
Westover Place, 
Westover Plantation, 
Westover Pointe, 
Westover Ridge, 
Westover River, 
Westover Skycrest, 
Westover South, 
Westover Square, 
Westover Stonebridge, 
Westover Stonehenge, 
Westover Street, 
Westover Summerfield, 
Westover Tealbriar, 
Westover Thorpshire, 
Westover Timberlake, 
Westover Trail, 
Westover Trailwood, 
Westover Tree, 
Westover Tysonville, 
Westover Umstead, 
Westover Valley, 
Westover Village, 
Westover West, 
Westover Westlake, 
Westover Westover, 
Westover Wheeler, 
Westover Woodcrest, 
Westover Woods, 
Wilder s Acres", 
Wilder s Asbury", 
Wilder s Avalaire", 
Wilder s Barton", 
Wilder s Bridge", 
Wilder s Brook", 
Wilder s Carolina", 
Wilder s Church", 
Wilder s Club", 
Wilder s Country", 
Wilder s Creek", 
Wilder s Crossgate", 
Wilder s District", 
Wilder s Estates", 
Wilder s Forest", 
Wilder s Gardens", 
Wilder s Gate", 
Wilder s Government", 
Wilder s Grove", 
Wilder s Hall", 
Wilder s Haven", 
Wilder s Hedingham", 
Wilder s Heights", 
Wilder s Hi-Mount", 
Wilder s Hills", 
Wilder s Hollow", 
Wilder s Hope", 
Wilder s Lake", 
Wilder s Lakemont", 
Wilder s Lane", 
Wilder s Leesville", 
Wilder s Manchester", 
Wilder s Meadows", 
Wilder s Medfield", 
Wilder s Mill", 
Wilder s Mount", 
Wilder s North", 
Wilder s Oakwood", 
Wilder s Park", 
Wilder s Parkland", 
Wilder s Pinecrest", 
Wilder s Pines", 
Wilder s Place", 
Wilder s Plantation", 
Wilder s Pointe", 
Wilder s Ridge", 
Wilder s River", 
Wilder s Skycrest", 
Wilder s South", 
Wilder s Square", 
Wilder s Stonebridge", 
Wilder s Stonehenge", 
Wilder s Street", 
Wilder s Summerfield", 
Wilder s Tealbriar", 
Wilder s Thorpshire", 
Wilder s Timberlake", 
Wilder s Trail", 
Wilder s Trailwood", 
Wilder s Tree", 
Wilder s Tysonville", 
Wilder s Umstead", 
Wilder s Valley", 
Wilder s Village", 
Wilder s West", 
Wilder s Westlake", 
Wilder s Westover", 
Wilder s Wheeler", 
Wilder s Woodcrest", 
Wilder s Woods", 
Wood Acres, 
Wood Asbury, 
Wood Avalaire, 
Wood Barton, 
Wood Bridge, 
Wood Brook, 
Wood Carolina, 
Wood Church, 
Wood Club, 
Wood Country, 
Wood Creek, 
Wood Crossgate, 
Wood District, 
Wood Estates, 
Wood Forest, 
Wood Gardens, 
Wood Gate, 
Wood Government, 
Wood Grove, 
Wood Hall, 
Wood Haven, 
Wood Hedingham, 
Wood Heights, 
Wood Hi-Mount, 
Wood Hills, 
Wood Hollow, 
Wood Hope, 
Wood Lake, 
Wood Lakemont, 
Wood Lane, 
Wood Leesville, 
Wood Manchester, 
Wood Meadows, 
Wood Medfield, 
Wood Mill, 
Wood Mount, 
Wood North, 
Wood Oakwood, 
Wood Park, 
Wood Parkland, 
Wood Pinecrest, 
Wood Pines, 
Wood Place, 
Wood Plantation, 
Wood Pointe, 
Wood Ridge, 
Wood River, 
Wood Skycrest, 
Wood South, 
Wood Square, 
Wood Stonebridge, 
Wood Stonehenge, 
Wood Street, 
Wood Summerfield, 
Wood Tealbriar, 
Wood Thorpshire, 
Wood Timberlake, 
Wood Trail, 
Wood Trailwood, 
Wood Tree, 
Wood Tysonville, 
Wood Umstead, 
Wood Valley, 
Wood Village, 
Wood West, 
Wood Westlake, 
Wood Westover, 
Wood Wheeler, 
Wood Woodcrest, 
Wood Woods, 
Woodcrest Acres, 
Woodcrest Asbury, 
Woodcrest Avalaire, 
Woodcrest Barton, 
Woodcrest Bridge, 
Woodcrest Brook, 
Woodcrest Carolina, 
Woodcrest Church, 
Woodcrest Club, 
Woodcrest Country, 
Woodcrest Creek, 
Woodcrest Crossgate, 
Woodcrest District, 
Woodcrest Estates, 
Woodcrest Forest, 
Woodcrest Gardens, 
Woodcrest Gate, 
Woodcrest Government, 
Woodcrest Grove, 
Woodcrest Hall, 
Woodcrest Haven, 
Woodcrest Hedingham, 
Woodcrest Heights, 
Woodcrest Hi-Mount, 
Woodcrest Hills, 
Woodcrest Hollow, 
Woodcrest Hope, 
Woodcrest Lake, 
Woodcrest Lakemont, 
Woodcrest Lane, 
Woodcrest Leesville, 
Woodcrest Manchester, 
Woodcrest Meadows, 
Woodcrest Medfield, 
Woodcrest Mill, 
Woodcrest Mount, 
Woodcrest North, 
Woodcrest Oakwood, 
Woodcrest Park, 
Woodcrest Parkland, 
Woodcrest Pinecrest, 
Woodcrest Pines, 
Woodcrest Place, 
Woodcrest Plantation, 
Woodcrest Pointe, 
Woodcrest Ridge, 
Woodcrest River, 
Woodcrest Skycrest, 
Woodcrest South, 
Woodcrest Square, 
Woodcrest Stonebridge, 
Woodcrest Stonehenge, 
Woodcrest Street, 
Woodcrest Summerfield, 
Woodcrest Tealbriar, 
Woodcrest Thorpshire, 
Woodcrest Timberlake, 
Woodcrest Trail, 
Woodcrest Trailwood, 
Woodcrest Tree, 
Woodcrest Tysonville, 
Woodcrest Umstead, 
Woodcrest Valley, 
Woodcrest Village, 
Woodcrest West, 
Woodcrest Westlake, 
Woodcrest Westover, 
Woodcrest Wheeler, 
Woodcrest Woodcrest, 
Woodcrest Woods 
