New Club, 
New Gate, 
New Hall, 
New Hope, 
New Lake, 
New Lane, 
New Mill, 
New Park, 
New Tree, 
New West, 
Oak Club, 
Oak Gate, 
Oak Hall, 
Oak Hope, 
Oak Lake, 
Oak Lane, 
Oak Mill, 
Oak Park, 
Oak Tree, 
Oak West, 
Bent Club, 
Bent Gate, 
Bent Hall, 
Bent Hope, 
Bent Lake, 
Bent Lane, 
Bent Mill, 
Bent Park, 
Bent Tree, 
Bent West, 
East Club, 
East Gate, 
East Hall, 
East Hope, 
East Lake, 
East Lane, 
East Mill, 
East Park, 
East Tree, 
East West, 
Five Club, 
Five Gate, 
Five Hall, 
Five Hope, 
Five Lake, 
Five Lane, 
Five Mill, 
Five Park, 
Five Tree, 
Five West, 
Lake Club, 
Lake Gate, 
Lake Hall, 
Lake Hope, 
Lake Lake, 
Lake Lane, 
Lake Mill, 
Lake Park, 
Lake Tree, 
Lake West, 
New Acres, 
New Brook, 
New Creek, 
New Grove, 
New Haven, 
New Hills, 
New Mount, 
New North, 
New Pines, 
New Place, 
New Ridge, 
New River, 
New South, 
New Trail, 
New Woods, 
Oak Acres, 
Oak Brook, 
Oak Creek, 
Oak Grove, 
Oak Haven, 
Oak Hills, 
Oak Mount, 
Oak North, 
Oak Pines, 
Oak Place, 
Oak Ridge, 
Oak River, 
Oak South, 
Oak Trail, 
Oak Woods, 
Olde Club, 
Olde Gate, 
Olde Hall, 
Olde Hope, 
Olde Lake, 
Olde Lane, 
Olde Mill, 
Olde Park, 
Olde Tree, 
Olde West, 
West Club, 
West Gate, 
West Hall, 
West Hope, 
West Lake, 
West Lane, 
West Mill, 
West Park, 
West Tree, 
West West, 
Wood Club, 
Wood Gate, 
Wood Hall, 
Wood Hope, 
Wood Lake, 
Wood Lane, 
Wood Mill, 
Wood Park, 
Wood Tree, 
Wood West, 
Avent Club, 
Avent Gate, 
Avent Hall, 
Avent Hope, 
Avent Lake, 
Avent Lane, 
Avent Mill, 
Avent Park, 
Avent Tree, 
Avent West, 
Bent Acres, 
Bent Brook, 
Bent Creek, 
Bent Grove, 
Bent Haven, 
Bent Hills, 
Bent Mount, 
Bent North, 
Bent Pines, 
Bent Place, 
Bent Ridge, 
Bent River, 
Bent South, 
Bent Trail, 
Bent Woods, 
Brier Club, 
Brier Gate, 
Brier Hall, 
Brier Hope, 
Brier Lake, 
Brier Lane, 
Brier Mill, 
Brier Park, 
Brier Tree, 
Brier West, 
Coley Club, 
Coley Gate, 
Coley Hall, 
Coley Hope, 
Coley Lake, 
Coley Lane, 
Coley Mill, 
Coley Park, 
Coley Tree, 
Coley West, 
Depot Club, 
Depot Gate, 
Depot Hall, 
Depot Hope, 
Depot Lake, 
Depot Lane, 
Depot Mill, 
Depot Park, 
Depot Tree, 
Depot West, 
East Acres, 
East Brook, 
East Creek, 
East Grove, 
East Haven, 
East Hills, 
East Mount, 
East North, 
East Pines, 
East Place, 
East Ridge, 
East River, 
East South, 
East Trail, 
East Woods, 
Falls Club, 
Falls Gate, 
Falls Hall, 
Falls Hope, 
Falls Lake, 
Falls Lane, 
Falls Mill, 
Falls Park, 
Falls Tree, 
Falls West, 
Five Acres, 
Five Brook, 
Five Creek, 
Five Grove, 
Five Haven, 
Five Hills, 
Five Mount, 
Five North, 
Five Pines, 
Five Place, 
Five Ridge, 
Five River, 
Five South, 
Five Trail, 
Five Woods, 
Hayes Club, 
Hayes Gate, 
Hayes Hall, 
Hayes Hope, 
Hayes Lake, 
Hayes Lane, 
Hayes Mill, 
Hayes Park, 
Hayes Tree, 
Hayes West, 
Lake Acres, 
Lake Brook, 
Lake Creek, 
Lake Grove, 
Lake Haven, 
Lake Hills, 
Lake Mount, 
Lake North, 
Lake Pines, 
Lake Place, 
Lake Ridge, 
Lake River, 
Lake South, 
Lake Trail, 
Lake Woods, 
Moore Club, 
Moore Gate, 
Moore Hall, 
Moore Hope, 
Moore Lake, 
Moore Lane, 
Moore Mill, 
Moore Park, 
Moore Tree, 
Moore West, 
New Asbury, 
New Barton, 
New Bridge, 
New Church, 
New Forest, 
New Hollow, 
New Pointe, 
New Square, 
New Street, 
New Valley, 
North Club, 
North Gate, 
North Hall, 
North Hope, 
North Lake, 
North Lane, 
North Mill, 
North Park, 
North Tree, 
North West, 
Oak Asbury, 
Oak Barton, 
Oak Bridge, 
Oak Church, 
Oak Forest, 
Oak Hollow, 
Oak Pointe, 
Oak Square, 
Oak Street, 
Oak Valley, 
Olde Acres, 
Olde Brook, 
Olde Creek, 
Olde Grove, 
Olde Haven, 
Olde Hills, 
Olde Mount, 
Olde North, 
Olde Pines, 
Olde Place, 
Olde Ridge, 
Olde River, 
Olde South, 
Olde Trail, 
Olde Woods, 
Quail Club, 
Quail Gate, 
Quail Hall, 
Quail Hope, 
Quail Lake, 
Quail Lane, 
Quail Mill, 
Quail Park, 
Quail Tree, 
Quail West, 
South Club, 
South Gate, 
South Hall, 
South Hope, 
South Lake, 
South Lane, 
South Mill, 
South Park, 
South Tree, 
South West, 
State Club, 
State Gate, 
State Hall, 
State Hope, 
State Lake, 
State Lane, 
State Mill, 
State Park, 
State Tree, 
State West, 
Swift Club, 
Swift Gate, 
Swift Hall, 
Swift Hope, 
Swift Lake, 
Swift Lane, 
Swift Mill, 
Swift Park, 
Swift Tree, 
Swift West, 
West Acres, 
West Brook, 
West Creek, 
West Grove, 
West Haven, 
West Hills, 
West Mount, 
West North, 
West Pines, 
West Place, 
West Ridge, 
West River, 
West South, 
West Trail, 
West Woods, 
Wood Acres, 
Wood Brook, 
Wood Creek, 
Wood Grove, 
Wood Haven, 
Wood Hills, 
Wood Mount, 
Wood North, 
Wood Pines, 
Wood Place, 
Wood Ridge, 
Wood River, 
Wood South, 
Wood Trail, 
Wood Woods, 
Asbury Club, 
Asbury Gate, 
Asbury Hall, 
Asbury Hope, 
Asbury Lake, 
Asbury Lane, 
Asbury Mill, 
Asbury Park, 
Asbury Tree, 
Asbury West, 
Avent Acres, 
Avent Brook, 
Avent Creek, 
Avent Grove, 
Avent Haven, 
Avent Hills, 
Avent Mount, 
Avent North, 
Avent Pines, 
Avent Place, 
Avent Ridge, 
Avent River, 
Avent South, 
Avent Trail, 
Avent Woods, 
Bent Asbury, 
Bent Barton, 
Bent Bridge, 
Bent Church, 
Bent Forest, 
Bent Hollow, 
Bent Pointe, 
Bent Square, 
Bent Street, 
Bent Valley, 
Boylan Club, 
Boylan Gate, 
Boylan Hall, 
Boylan Hope, 
Boylan Lake, 
Boylan Lane, 
Boylan Mill, 
Boylan Park, 
Boylan Tree, 
Boylan West, 
Brier Acres, 
Brier Brook, 
Brier Creek, 
Brier Grove, 
Brier Haven, 
Brier Hills, 
Brier Mount, 
Brier North, 
Brier Pines, 
Brier Place, 
Brier Ridge, 
Brier River, 
Brier South, 
Brier Trail, 
Brier Woods, 
Coley Acres, 
Coley Brook, 
Coley Creek, 
Coley Grove, 
Coley Haven, 
Coley Hills, 
Coley Mount, 
Coley North, 
Coley Pines, 
Coley Place, 
Coley Ridge, 
Coley River, 
Coley South, 
Coley Trail, 
Coley Woods, 
Depot Acres, 
Depot Brook, 
Depot Creek, 
Depot Grove, 
Depot Haven, 
Depot Hills, 
Depot Mount, 
Depot North, 
Depot Pines, 
Depot Place, 
Depot Ridge, 
Depot River, 
Depot South, 
Depot Trail, 
Depot Woods, 
Drewry Club, 
Drewry Gate, 
Drewry Hall, 
Drewry Hope, 
Drewry Lake, 
Drewry Lane, 
Drewry Mill, 
Drewry Park, 
Drewry Tree, 
Drewry West, 
Durant Club, 
Durant Gate, 
Durant Hall, 
Durant Hope, 
Durant Lake, 
Durant Lane, 
Durant Mill, 
Durant Park, 
Durant Tree, 
Durant West, 
East Asbury, 
East Barton, 
East Bridge, 
East Church, 
East Forest, 
East Hollow, 
East Pointe, 
East Square, 
East Street, 
East Valley, 
Falls Acres, 
Falls Brook, 
Falls Creek, 
Falls Grove, 
Falls Haven, 
Falls Hills, 
Falls Mount, 
Falls North, 
Falls Pines, 
Falls Place, 
Falls Ridge, 
Falls River, 
Falls South, 
Falls Trail, 
Falls Woods, 
Five Asbury, 
Five Barton, 
Five Bridge, 
Five Church, 
Five Forest, 
Five Hollow, 
Five Pointe, 
Five Square, 
Five Street, 
Five Valley, 
Hayes Acres, 
Hayes Brook, 
Hayes Creek, 
Hayes Grove, 
Hayes Haven, 
Hayes Hills, 
Hayes Mount, 
Hayes North, 
Hayes Pines, 
Hayes Place, 
Hayes Ridge, 
Hayes River, 
Hayes South, 
Hayes Trail, 
Hayes Woods, 
Lake Asbury, 
Lake Barton, 
Lake Bridge, 
Lake Church, 
Lake Forest, 
Lake Hollow, 
Lake Pointe, 
Lake Square, 
Lake Street, 
Lake Valley, 
Laurel Club, 
Laurel Gate, 
Laurel Hall, 
Laurel Hope, 
Laurel Lake, 
Laurel Lane, 
Laurel Mill, 
Laurel Park, 
Laurel Tree, 
Laurel West, 
Maiden Club, 
Maiden Gate, 
Maiden Hall, 
Maiden Hope, 
Maiden Lake, 
Maiden Lane, 
Maiden Mill, 
Maiden Park, 
Maiden Tree, 
Maiden West, 
Moore Acres, 
Moore Brook, 
Moore Creek, 
Moore Grove, 
Moore Haven, 
Moore Hills, 
Moore Mount, 
Moore North, 
Moore Pines, 
Moore Place, 
Moore Ridge, 
Moore River, 
Moore South, 
Moore Trail, 
Moore Woods, 
New Country, 
New Estates, 
New Gardens, 
New Heights, 
New Meadows, 
New Oakwood, 
New Umstead, 
New Village, 
New Wheeler, 
North Acres, 
North Brook, 
North Creek, 
North Grove, 
North Haven, 
North Hills, 
North Mount, 
North North, 
North Pines, 
North Place, 
North Ridge, 
North River, 
North South, 
North Trail, 
North Woods, 
Oak Country, 
Oak Estates, 
Oak Gardens, 
Oak Heights, 
Oak Meadows, 
Oak Oakwood, 
Oak Umstead, 
Oak Village, 
Oak Wheeler, 
Olde Asbury, 
Olde Barton, 
Olde Bridge, 
Olde Church, 
Olde Forest, 
Olde Hollow, 
Olde Pointe, 
Olde Square, 
Olde Street, 
Olde Valley, 
Quail Acres, 
Quail Brook, 
Quail Creek, 
Quail Grove, 
Quail Haven, 
Quail Hills, 
Quail Mount, 
Quail North, 
Quail Pines, 
Quail Place, 
Quail Ridge, 
Quail River, 
Quail South, 
Quail Trail, 
Quail Woods, 
South Acres, 
South Brook, 
South Creek, 
South Grove, 
South Haven, 
South Hills, 
South Mount, 
South North, 
South Pines, 
South Place, 
South Ridge, 
South River, 
South South, 
South Trail, 
South Woods, 
State Acres, 
State Brook, 
State Creek, 
State Grove, 
State Haven, 
State Hills, 
State Mount, 
State North, 
State Pines, 
State Place, 
State Ridge, 
State River, 
State South, 
State Trail, 
State Woods, 
Summit Club, 
Summit Gate, 
Summit Hall, 
Summit Hope, 
Summit Lake, 
Summit Lane, 
Summit Mill, 
Summit Park, 
Summit Tree, 
Summit West, 
Swift Acres, 
Swift Brook, 
Swift Creek, 
Swift Grove, 
Swift Haven, 
Swift Hills, 
Swift Mount, 
Swift North, 
Swift Pines, 
Swift Place, 
Swift Ridge, 
Swift River, 
Swift South, 
Swift Trail, 
Swift Woods, 
Walnut Club, 
Walnut Gate, 
Walnut Hall, 
Walnut Hope, 
Walnut Lake, 
Walnut Lane, 
Walnut Mill, 
Walnut Park, 
Walnut Tree, 
Walnut West, 
West Asbury, 
West Barton, 
West Bridge, 
West Church, 
West Forest, 
West Hollow, 
West Pointe, 
West Square, 
West Street, 
West Valley, 
Wood Asbury, 
Wood Barton, 
Wood Bridge, 
Wood Church, 
Wood Forest, 
Wood Hollow, 
Wood Pointe, 
Wood Square, 
Wood Street, 
Wood Valley, 
Asbury Acres, 
Asbury Brook, 
Asbury Creek, 
Asbury Grove, 
Asbury Haven, 
Asbury Hills, 
Asbury Mount, 
Asbury North, 
Asbury Pines, 
Asbury Place, 
Asbury Ridge, 
Asbury River, 
Asbury South, 
Asbury Trail, 
Asbury Woods, 
Avent Asbury, 
Avent Barton, 
Avent Bridge, 
Avent Church, 
Avent Forest, 
Avent Hollow, 
Avent Pointe, 
Avent Square, 
Avent Street, 
Avent Valley, 
Battery Club, 
Battery Gate, 
Battery Hall, 
Battery Hope, 
Battery Lake, 
Battery Lane, 
Battery Mill, 
Battery Park, 
Battery Tree, 
Battery West, 
Bent Country, 
Bent Estates, 
Bent Gardens, 
Bent Heights, 
Bent Meadows, 
Bent Oakwood, 
Bent Umstead, 
Bent Village, 
Bent Wheeler, 
Boylan Acres, 
Boylan Brook, 
Boylan Creek, 
Boylan Grove, 
Boylan Haven, 
Boylan Hills, 
Boylan Mount, 
Boylan North, 
Boylan Pines, 
Boylan Place, 
Boylan Ridge, 
Boylan River, 
Boylan South, 
Boylan Trail, 
Boylan Woods, 
Brier Asbury, 
Brier Barton, 
Brier Bridge, 
Brier Church, 
Brier Forest, 
Brier Hollow, 
Brier Pointe, 
Brier Square, 
Brier Street, 
Brier Valley, 
Cameron Club, 
Cameron Gate, 
Cameron Hall, 
Cameron Hope, 
Cameron Lake, 
Cameron Lane, 
Cameron Mill, 
Cameron Park, 
Cameron Tree, 
Cameron West, 
Capitol Club, 
Capitol Gate, 
Capitol Hall, 
Capitol Hope, 
Capitol Lake, 
Capitol Lane, 
Capitol Mill, 
Capitol Park, 
Capitol Tree, 
Capitol West, 
Coley Asbury, 
Coley Barton, 
Coley Bridge, 
Coley Church, 
Coley Forest, 
Coley Hollow, 
Coley Pointe, 
Coley Square, 
Coley Street, 
Coley Valley, 
Country Club, 
Country Gate, 
Country Hall, 
Country Hope, 
Country Lake, 
Country Lane, 
Country Mill, 
Country Park, 
Country Tree, 
Country West, 
Depot Asbury, 
Depot Barton, 
Depot Bridge, 
Depot Church, 
Depot Forest, 
Depot Hollow, 
Depot Pointe, 
Depot Square, 
Depot Street, 
Depot Valley, 
Drewry Acres, 
Drewry Brook, 
Drewry Creek, 
Drewry Grove, 
Drewry Haven, 
Drewry Hills, 
Drewry Mount, 
Drewry North, 
Drewry Pines, 
Drewry Place, 
Drewry Ridge, 
Drewry River, 
Drewry South, 
Drewry Trail, 
Drewry Woods, 
Durant Acres, 
Durant Brook, 
Durant Creek, 
Durant Grove, 
Durant Haven, 
Durant Hills, 
Durant Mount, 
Durant North, 
Durant Pines, 
Durant Place, 
Durant Ridge, 
Durant River, 
Durant South, 
Durant Trail, 
Durant Woods, 
East Country, 
East Estates, 
East Gardens, 
East Heights, 
East Meadows, 
East Oakwood, 
East Umstead, 
East Village, 
East Wheeler, 
Fairfax Club, 
Fairfax Gate, 
Fairfax Hall, 
Fairfax Hope, 
Fairfax Lake, 
Fairfax Lane, 
Fairfax Mill, 
Fairfax Park, 
Fairfax Tree, 
Fairfax West, 
Falls Asbury, 
Falls Barton, 
Falls Bridge, 
Falls Church, 
Falls Forest, 
Falls Hollow, 
Falls Pointe, 
Falls Square, 
Falls Street, 
Falls Valley, 
Five Country, 
Five Estates, 
Five Gardens, 
Five Heights, 
Five Meadows, 
Five Oakwood, 
Five Umstead, 
Five Village, 
Five Wheeler, 
Hayes Asbury, 
Hayes Barton, 
Hayes Bridge, 
Hayes Church, 
Hayes Forest, 
Hayes Hollow, 
Hayes Pointe, 
Hayes Square, 
Hayes Street, 
Hayes Valley, 
Hickory Club, 
Hickory Gate, 
Hickory Hall, 
Hickory Hope, 
Hickory Lake, 
Hickory Lane, 
Hickory Mill, 
Hickory Park, 
Hickory Tree, 
Hickory West, 
Lake Country, 
Lake Estates, 
Lake Gardens, 
Lake Heights, 
Lake Meadows, 
Lake Oakwood, 
Lake Umstead, 
Lake Village, 
Lake Wheeler, 
Laurel Acres, 
Laurel Brook, 
Laurel Creek, 
Laurel Grove, 
Laurel Haven, 
Laurel Hills, 
Laurel Mount, 
Laurel North, 
Laurel Pines, 
Laurel Place, 
Laurel Ridge, 
Laurel River, 
Laurel South, 
Laurel Trail, 
Laurel Woods, 
Madonna Club, 
Madonna Gate, 
Madonna Hall, 
Madonna Hope, 
Madonna Lake, 
Madonna Lane, 
Madonna Mill, 
Madonna Park, 
Madonna Tree, 
Madonna West, 
Maiden Acres, 
Maiden Brook, 
Maiden Creek, 
Maiden Grove, 
Maiden Haven, 
Maiden Hills, 
Maiden Mount, 
Maiden North, 
Maiden Pines, 
Maiden Place, 
Maiden Ridge, 
Maiden River, 
Maiden South, 
Maiden Trail, 
Maiden Woods, 
Moore Asbury, 
Moore Barton, 
Moore Bridge, 
Moore Church, 
Moore Forest, 
Moore Hollow, 
Moore Pointe, 
Moore Square, 
Moore Street, 
Moore Valley, 
New Avalaire, 
New Carolina, 
New District, 
New Hi-Mount, 
New Lakemont, 
New Medfield, 
New Parkland, 
New Skycrest, 
New Westlake, 
New Westover, 
North Asbury, 
North Barton, 
North Bridge, 
North Church, 
North Forest, 
North Hollow, 
North Pointe, 
North Square, 
North Street, 
North Valley, 
Oak Avalaire, 
Oak Carolina, 
Oak District, 
Oak Hi-Mount, 
Oak Lakemont, 
Oak Medfield, 
Oak Parkland, 
Oak Skycrest, 
Oak Westlake, 
Oak Westover, 
Olde Country, 
Olde Estates, 
Olde Gardens, 
Olde Heights, 
Olde Meadows, 
Olde Oakwood, 
Olde Umstead, 
Olde Village, 
Olde Wheeler, 
Quail Asbury, 
Quail Barton, 
Quail Bridge, 
Quail Church, 
Quail Forest, 
Quail Hollow, 
Quail Pointe, 
Quail Square, 
Quail Street, 
Quail Valley, 
Raleigh Club, 
Raleigh Gate, 
Raleigh Hall, 
Raleigh Hope, 
Raleigh Lake, 
Raleigh Lane, 
Raleigh Mill, 
Raleigh Park, 
Raleigh Tree, 
Raleigh West, 
Roanoke Club, 
Roanoke Gate, 
Roanoke Hall, 
Roanoke Hope, 
Roanoke Lake, 
Roanoke Lane, 
Roanoke Mill, 
Roanoke Park, 
Roanoke Tree, 
Roanoke West, 
South Asbury, 
South Barton, 
South Bridge, 
South Church, 
South Forest, 
South Hollow, 
South Pointe, 
South Square, 
South Street, 
South Valley, 
State Asbury, 
State Barton, 
State Bridge, 
State Church, 
State Forest, 
State Hollow, 
State Pointe, 
State Square, 
State Street, 
State Valley, 
Summit Acres, 
Summit Brook, 
Summit Creek, 
Summit Grove, 
Summit Haven, 
Summit Hills, 
Summit Mount, 
Summit North, 
Summit Pines, 
Summit Place, 
Summit Ridge, 
Summit River, 
Summit South, 
Summit Trail, 
Summit Woods, 
Swift Asbury, 
Swift Barton, 
Swift Bridge, 
Swift Church, 
Swift Forest, 
Swift Hollow, 
Swift Pointe, 
Swift Square, 
Swift Street, 
Swift Valley, 
Tadlock Club, 
Tadlock Gate, 
Tadlock Hall, 
Tadlock Hope, 
Tadlock Lake, 
Tadlock Lane, 
Tadlock Mill, 
Tadlock Park, 
Tadlock Tree, 
Tadlock West, 
Trinity Club, 
Trinity Gate, 
Trinity Hall, 
Trinity Hope, 
Trinity Lake, 
Trinity Lane, 
Trinity Mill, 
Trinity Park, 
Trinity Tree, 
Trinity West, 
Umstead Club, 
Umstead Gate, 
Umstead Hall, 
Umstead Hope, 
Umstead Lake, 
Umstead Lane, 
Umstead Mill, 
Umstead Park, 
Umstead Tree, 
Umstead West, 
Village Club, 
Village Gate, 
Village Hall, 
Village Hope, 
Village Lake, 
Village Lane, 
Village Mill, 
Village Park, 
Village Tree, 
Village West, 
Walnut Acres, 
Walnut Brook, 
Walnut Creek, 
Walnut Grove, 
Walnut Haven, 
Walnut Hills, 
Walnut Mount, 
Walnut North, 
Walnut Pines, 
Walnut Place, 
Walnut Ridge, 
Walnut River, 
Walnut South, 
Walnut Trail, 
Walnut Woods, 
Wayland Club, 
Wayland Gate, 
Wayland Hall, 
Wayland Hope, 
Wayland Lake, 
Wayland Lane, 
Wayland Mill, 
Wayland Park, 
Wayland Tree, 
Wayland West, 
West Country, 
West Estates, 
West Gardens, 
West Heights, 
West Meadows, 
West Oakwood, 
West Umstead, 
West Village, 
West Wheeler, 
Wood Country, 
Wood Estates, 
Wood Gardens, 
Wood Heights, 
Wood Meadows, 
Wood Oakwood, 
Wood Umstead, 
Wood Village, 
Wood Wheeler, 
Anderson Club, 
Anderson Gate, 
Anderson Hall, 
Anderson Hope, 
Anderson Lake, 
Anderson Lane, 
Anderson Mill, 
Anderson Park, 
Anderson Tree, 
Anderson West, 
Asbury Asbury, 
Asbury Barton, 
Asbury Bridge, 
Asbury Church, 
Asbury Forest, 
Asbury Hollow, 
Asbury Pointe, 
Asbury Square, 
Asbury Street, 
Asbury Valley, 
Avalaire Club, 
Avalaire Gate, 
Avalaire Hall, 
Avalaire Hope, 
Avalaire Lake, 
Avalaire Lane, 
Avalaire Mill, 
Avalaire Park, 
Avalaire Tree, 
Avalaire West, 
Avent Country, 
Avent Estates, 
Avent Gardens, 
Avent Heights, 
Avent Meadows, 
Avent Oakwood, 
Avent Umstead, 
Avent Village, 
Avent Wheeler, 
Battery Acres, 
Battery Brook, 
Battery Creek, 
Battery Grove, 
Battery Haven, 
Battery Hills, 
Battery Mount, 
Battery North, 
Battery Pines, 
Battery Place, 
Battery Ridge, 
Battery River, 
Battery South, 
Battery Trail, 
Battery Woods, 
Bent Avalaire, 
Bent Carolina, 
Bent District, 
Bent Hi-Mount, 
Bent Lakemont, 
Bent Medfield, 
Bent Parkland, 
Bent Skycrest, 
Bent Westlake, 
Bent Westover, 
Biltmore Club, 
Biltmore Gate, 
Biltmore Hall, 
Biltmore Hope, 
Biltmore Lake, 
Biltmore Lane, 
Biltmore Mill, 
Biltmore Park, 
Biltmore Tree, 
Biltmore West, 
Boylan Asbury, 
Boylan Barton, 
Boylan Bridge, 
Boylan Church, 
Boylan Forest, 
Boylan Hollow, 
Boylan Pointe, 
Boylan Square, 
Boylan Street, 
Boylan Valley, 
Brier Country, 
Brier Estates, 
Brier Gardens, 
Brier Heights, 
Brier Meadows, 
Brier Oakwood, 
Brier Umstead, 
Brier Village, 
Brier Wheeler, 
Cameron Acres, 
Cameron Brook, 
Cameron Creek, 
Cameron Grove, 
Cameron Haven, 
Cameron Hills, 
Cameron Mount, 
Cameron North, 
Cameron Pines, 
Cameron Place, 
Cameron Ridge, 
Cameron River, 
Cameron South, 
Cameron Trail, 
Cameron Woods, 
Capitol Acres, 
Capitol Brook, 
Capitol Creek, 
Capitol Grove, 
Capitol Haven, 
Capitol Hills, 
Capitol Mount, 
Capitol North, 
Capitol Pines, 
Capitol Place, 
Capitol Ridge, 
Capitol River, 
Capitol South, 
Capitol Trail, 
Capitol Woods, 
Carolina Club, 
Carolina Gate, 
Carolina Hall, 
Carolina Hope, 
Carolina Lake, 
Carolina Lane, 
Carolina Mill, 
Carolina Park, 
Carolina Tree, 
Carolina West, 
Coley Country, 
Coley Estates, 
Coley Gardens, 
Coley Heights, 
Coley Meadows, 
Coley Oakwood, 
Coley Umstead, 
Coley Village, 
Coley Wheeler, 
Country Acres, 
Country Brook, 
Country Creek, 
Country Grove, 
Country Haven, 
Country Hills, 
Country Mount, 
Country North, 
Country Pines, 
Country Place, 
Country Ridge, 
Country River, 
Country South, 
Country Trail, 
Country Woods, 
Crabtree Club, 
Crabtree Gate, 
Crabtree Hall, 
Crabtree Hope, 
Crabtree Lake, 
Crabtree Lane, 
Crabtree Mill, 
Crabtree Park, 
Crabtree Tree, 
Crabtree West, 
Depot Country, 
Depot Estates, 
Depot Gardens, 
Depot Heights, 
Depot Meadows, 
Depot Oakwood, 
Depot Umstead, 
Depot Village, 
Depot Wheeler, 
Dominion Club, 
Dominion Gate, 
Dominion Hall, 
Dominion Hope, 
Dominion Lake, 
Dominion Lane, 
Dominion Mill, 
Dominion Park, 
Dominion Tree, 
Dominion West, 
Drewry Asbury, 
Drewry Barton, 
Drewry Bridge, 
Drewry Church, 
Drewry Forest, 
Drewry Hollow, 
Drewry Pointe, 
Drewry Square, 
Drewry Street, 
Drewry Valley, 
Durant Asbury, 
Durant Barton, 
Durant Bridge, 
Durant Church, 
Durant Forest, 
Durant Hollow, 
Durant Pointe, 
Durant Square, 
Durant Street, 
Durant Valley, 
East Avalaire, 
East Carolina, 
East District, 
East Hi-Mount, 
East Lakemont, 
East Medfield, 
East Parkland, 
East Skycrest, 
East Westlake, 
East Westover, 
Fairfax Acres, 
Fairfax Brook, 
Fairfax Creek, 
Fairfax Grove, 
Fairfax Haven, 
Fairfax Hills, 
Fairfax Mount, 
Fairfax North, 
Fairfax Pines, 
Fairfax Place, 
Fairfax Ridge, 
Fairfax River, 
Fairfax South, 
Fairfax Trail, 
Fairfax Woods, 
Falls Country, 
Falls Estates, 
Falls Gardens, 
Falls Heights, 
Falls Meadows, 
Falls Oakwood, 
Falls Umstead, 
Falls Village, 
Falls Wheeler, 
Five Avalaire, 
Five Carolina, 
Five District, 
Five Hi-Mount, 
Five Lakemont, 
Five Medfield, 
Five Parkland, 
Five Skycrest, 
Five Westlake, 
Five Westover, 
Glenwood Club, 
Glenwood Gate, 
Glenwood Hall, 
Glenwood Hope, 
Glenwood Lake, 
Glenwood Lane, 
Glenwood Mill, 
Glenwood Park, 
Glenwood Tree, 
Glenwood West, 
Hayes Country, 
Hayes Estates, 
Hayes Gardens, 
Hayes Heights, 
Hayes Meadows, 
Hayes Oakwood, 
Hayes Umstead, 
Hayes Village, 
Hayes Wheeler, 
Hi-Mount Club, 
Hi-Mount Gate, 
Hi-Mount Hall, 
Hi-Mount Hope, 
Hi-Mount Lake, 
Hi-Mount Lane, 
Hi-Mount Mill, 
Hi-Mount Park, 
Hi-Mount Tree, 
Hi-Mount West, 
Hickory Acres, 
Hickory Brook, 
Hickory Creek, 
Hickory Grove, 
Hickory Haven, 
Hickory Hills, 
Hickory Mount, 
Hickory North, 
Hickory Pines, 
Hickory Place, 
Hickory Ridge, 
Hickory River, 
Hickory South, 
Hickory Trail, 
Hickory Woods, 
Historic Club, 
Historic Gate, 
Historic Hall, 
Historic Hope, 
Historic Lake, 
Historic Lane, 
Historic Mill, 
Historic Park, 
Historic Tree, 
Historic West, 
Lake Avalaire, 
Lake Carolina, 
Lake District, 
Lake Hi-Mount, 
Lake Lakemont, 
Lake Medfield, 
Lake Parkland, 
Lake Skycrest, 
Lake Westlake, 
Lake Westover, 
Lakemont Club, 
Lakemont Gate, 
Lakemont Hall, 
Lakemont Hope, 
Lakemont Lake, 
Lakemont Lane, 
Lakemont Mill, 
Lakemont Park, 
Lakemont Tree, 
Lakemont West, 
Laurel Asbury, 
Laurel Barton, 
Laurel Bridge, 
Laurel Church, 
Laurel Forest, 
Laurel Hollow, 
Laurel Pointe, 
Laurel Square, 
Laurel Street, 
Laurel Valley, 
Longview Club, 
Longview Gate, 
Longview Hall, 
Longview Hope, 
Longview Lake, 
Longview Lane, 
Longview Mill, 
Longview Park, 
Longview Tree, 
Longview West, 
Madonna Acres, 
Madonna Brook, 
Madonna Creek, 
Madonna Grove, 
Madonna Haven, 
Madonna Hills, 
Madonna Mount, 
Madonna North, 
Madonna Pines, 
Madonna Place, 
Madonna Ridge, 
Madonna River, 
Madonna South, 
Madonna Trail, 
Madonna Woods, 
Maiden Asbury, 
Maiden Barton, 
Maiden Bridge, 
Maiden Church, 
Maiden Forest, 
Maiden Hollow, 
Maiden Pointe, 
Maiden Square, 
Maiden Street, 
Maiden Valley, 
Medfield Club, 
Medfield Gate, 
Medfield Hall, 
Medfield Hope, 
Medfield Lake, 
Medfield Lane, 
Medfield Mill, 
Medfield Park, 
Medfield Tree, 
Medfield West, 
Moore Country, 
Moore Estates, 
Moore Gardens, 
Moore Heights, 
Moore Meadows, 
Moore Oakwood, 
Moore Umstead, 
Moore Village, 
Moore Wheeler, 
Mordecai Club, 
Mordecai Gate, 
Mordecai Hall, 
Mordecai Hope, 
Mordecai Lake, 
Mordecai Lane, 
Mordecai Mill, 
Mordecai Park, 
Mordecai Tree, 
Mordecai West, 
New Crossgate, 
New Hedingham, 
New Leesville, 
New Pinecrest, 
New Tealbriar, 
New Trailwood, 
New Woodcrest, 
North Country, 
North Estates, 
North Gardens, 
North Heights, 
North Meadows, 
North Oakwood, 
North Umstead, 
North Village, 
North Wheeler, 
Oak Crossgate, 
Oak Hedingham, 
Oak Leesville, 
Oak Pinecrest, 
Oak Tealbriar, 
Oak Trailwood, 
Oak Woodcrest, 
Olde Avalaire, 
Olde Carolina, 
Olde District, 
Olde Hi-Mount, 
Olde Lakemont, 
Olde Medfield, 
Olde Parkland, 
Olde Skycrest, 
Olde Westlake, 
Olde Westover, 
Parkland Club, 
Parkland Gate, 
Parkland Hall, 
Parkland Hope, 
Parkland Lake, 
Parkland Lane, 
Parkland Mill, 
Parkland Park, 
Parkland Tree, 
Parkland West, 
Quail Country, 
Quail Estates, 
Quail Gardens, 
Quail Heights, 
Quail Meadows, 
Quail Oakwood, 
Quail Umstead, 
Quail Village, 
Quail Wheeler, 
Raleigh Acres, 
Raleigh Brook, 
Raleigh Creek, 
Raleigh Grove, 
Raleigh Haven, 
Raleigh Hills, 
Raleigh Mount, 
Raleigh North, 
Raleigh Pines, 
Raleigh Place, 
Raleigh Ridge, 
Raleigh River, 
Raleigh South, 
Raleigh Trail, 
Raleigh Woods, 
Roanoke Acres, 
Roanoke Brook, 
Roanoke Creek, 
Roanoke Grove, 
Roanoke Haven, 
Roanoke Hills, 
Roanoke Mount, 
Roanoke North, 
Roanoke Pines, 
Roanoke Place, 
Roanoke Ridge, 
Roanoke River, 
Roanoke South, 
Roanoke Trail, 
Roanoke Woods, 
Skycrest Club, 
Skycrest Gate, 
Skycrest Hall, 
Skycrest Hope, 
Skycrest Lake, 
Skycrest Lane, 
Skycrest Mill, 
Skycrest Park, 
Skycrest Tree, 
Skycrest West, 
South Country, 
South Estates, 
South Gardens, 
South Heights, 
South Meadows, 
South Oakwood, 
South Umstead, 
South Village, 
South Wheeler, 
State Country, 
State Estates, 
State Gardens, 
State Heights, 
State Meadows, 
State Oakwood, 
State Umstead, 
State Village, 
State Wheeler, 
Summit Asbury, 
Summit Barton, 
Summit Bridge, 
Summit Church, 
Summit Forest, 
Summit Hollow, 
Summit Pointe, 
Summit Square, 
Summit Street, 
Summit Valley, 
Swift Country, 
Swift Estates, 
Swift Gardens, 
Swift Heights, 
Swift Meadows, 
Swift Oakwood, 
Swift Umstead, 
Swift Village, 
Swift Wheeler, 
Tadlock Acres, 
Tadlock Brook, 
Tadlock Creek, 
Tadlock Grove, 
Tadlock Haven, 
Tadlock Hills, 
Tadlock Mount, 
Tadlock North, 
Tadlock Pines, 
Tadlock Place, 
Tadlock Ridge, 
Tadlock River, 
Tadlock South, 
Tadlock Trail, 
Tadlock Woods, 
Trinity Acres, 
Trinity Brook, 
Trinity Creek, 
Trinity Grove, 
Trinity Haven, 
Trinity Hills, 
Trinity Mount, 
Trinity North, 
Trinity Pines, 
Trinity Place, 
Trinity Ridge, 
Trinity River, 
Trinity South, 
Trinity Trail, 
Trinity Woods, 
Umstead Acres, 
Umstead Brook, 
Umstead Creek, 
Umstead Grove, 
Umstead Haven, 
Umstead Hills, 
Umstead Mount, 
Umstead North, 
Umstead Pines, 
Umstead Place, 
Umstead Ridge, 
Umstead River, 
Umstead South, 
Umstead Trail, 
Umstead Woods, 
Vanguard Club, 
Vanguard Gate, 
Vanguard Hall, 
Vanguard Hope, 
Vanguard Lake, 
Vanguard Lane, 
Vanguard Mill, 
Vanguard Park, 
Vanguard Tree, 
Vanguard West, 
Victoria Club, 
Victoria Gate, 
Victoria Hall, 
Victoria Hope, 
Victoria Lake, 
Victoria Lane, 
Victoria Mill, 
Victoria Park, 
Victoria Tree, 
Victoria West, 
Village Acres, 
Village Brook, 
Village Creek, 
Village Grove, 
Village Haven, 
Village Hills, 
Village Mount, 
Village North, 
Village Pines, 
Village Place, 
Village Ridge, 
Village River, 
Village South, 
Village Trail, 
Village Woods, 
Walnut Asbury, 
Walnut Barton, 
Walnut Bridge, 
Walnut Church, 
Walnut Forest, 
Walnut Hollow, 
Walnut Pointe, 
Walnut Square, 
Walnut Street, 
Walnut Valley, 
Wayland Acres, 
Wayland Brook, 
Wayland Creek, 
Wayland Grove, 
Wayland Haven, 
Wayland Hills, 
Wayland Mount, 
Wayland North, 
Wayland Pines, 
Wayland Place, 
Wayland Ridge, 
Wayland River, 
Wayland South, 
Wayland Trail, 
Wayland Woods, 
West Avalaire, 
West Carolina, 
West District, 
West Hi-Mount, 
West Lakemont, 
West Medfield, 
West Parkland, 
West Skycrest, 
West Westlake, 
West Westover, 
Westlake Club, 
Westlake Gate, 
Westlake Hall, 
Westlake Hope, 
Westlake Lake, 
Westlake Lane, 
Westlake Mill, 
Westlake Park, 
Westlake Tree, 
Westlake West, 
Westover Club, 
Westover Gate, 
Westover Hall, 
Westover Hope, 
Westover Lake, 
Westover Lane, 
Westover Mill, 
Westover Park, 
Westover Tree, 
Westover West, 
Wood Avalaire, 
Wood Carolina, 
Wood District, 
Wood Hi-Mount, 
Wood Lakemont, 
Wood Medfield, 
Wood Parkland, 
Wood Skycrest, 
Wood Westlake, 
Wood Westover, 
Anderson Acres, 
Anderson Brook, 
Anderson Creek, 
Anderson Grove, 
Anderson Haven, 
Anderson Hills, 
Anderson Mount, 
Anderson North, 
Anderson Pines, 
Anderson Place, 
Anderson Ridge, 
Anderson River, 
Anderson South, 
Anderson Trail, 
Anderson Woods, 
Asbury Country, 
Asbury Estates, 
Asbury Gardens, 
Asbury Heights, 
Asbury Meadows, 
Asbury Oakwood, 
Asbury Umstead, 
Asbury Village, 
Asbury Wheeler, 
Avalaire Acres, 
Avalaire Brook, 
Avalaire Creek, 
Avalaire Grove, 
Avalaire Haven, 
Avalaire Hills, 
Avalaire Mount, 
Avalaire North, 
Avalaire Pines, 
Avalaire Place, 
Avalaire Ridge, 
Avalaire River, 
Avalaire South, 
Avalaire Trail, 
Avalaire Woods, 
Avent Avalaire, 
Avent Carolina, 
Avent District, 
Avent Hi-Mount, 
Avent Lakemont, 
Avent Medfield, 
Avent Parkland, 
Avent Skycrest, 
Avent Westlake, 
Avent Westover, 
Battery Asbury, 
Battery Barton, 
Battery Bridge, 
Battery Church, 
Battery Forest, 
Battery Hollow, 
Battery Pointe, 
Battery Square, 
Battery Street, 
Battery Valley, 
Belvidere Club, 
Belvidere Gate, 
Belvidere Hall, 
Belvidere Hope, 
Belvidere Lake, 
Belvidere Lane, 
Belvidere Mill, 
Belvidere Park, 
Belvidere Tree, 
Belvidere West, 
Bent Crossgate, 
Bent Hedingham, 
Bent Leesville, 
Bent Pinecrest, 
Bent Tealbriar, 
Bent Trailwood, 
Bent Woodcrest, 
Biltmore Acres, 
Biltmore Brook, 
Biltmore Creek, 
Biltmore Grove, 
Biltmore Haven, 
Biltmore Hills, 
Biltmore Mount, 
Biltmore North, 
Biltmore Pines, 
Biltmore Place, 
Biltmore Ridge, 
Biltmore River, 
Biltmore South, 
Biltmore Trail, 
Biltmore Woods, 
Boylan Country, 
Boylan Estates, 
Boylan Gardens, 
Boylan Heights, 
Boylan Meadows, 
Boylan Oakwood, 
Boylan Umstead, 
Boylan Village, 
Boylan Wheeler, 
Brentwood Club, 
Brentwood Gate, 
Brentwood Hall, 
Brentwood Hope, 
Brentwood Lake, 
Brentwood Lane, 
Brentwood Mill, 
Brentwood Park, 
Brentwood Tree, 
Brentwood West, 
Brier Avalaire, 
Brier Carolina, 
Brier District, 
Brier Hi-Mount, 
Brier Lakemont, 
Brier Medfield, 
Brier Parkland, 
Brier Skycrest, 
Brier Westlake, 
Brier Westover, 
Cameron Asbury, 
Cameron Barton, 
Cameron Bridge, 
Cameron Church, 
Cameron Forest, 
Cameron Hollow, 
Cameron Pointe, 
Cameron Square, 
Cameron Street, 
Cameron Valley, 
Capitol Asbury, 
Capitol Barton, 
Capitol Bridge, 
Capitol Church, 
Capitol Forest, 
Capitol Hollow, 
Capitol Pointe, 
Capitol Square, 
Capitol Street, 
Capitol Valley, 
Carolina Acres, 
Carolina Brook, 
Carolina Creek, 
Carolina Grove, 
Carolina Haven, 
Carolina Hills, 
Carolina Mount, 
Carolina North, 
Carolina Pines, 
Carolina Place, 
Carolina Ridge, 
Carolina River, 
Carolina South, 
Carolina Trail, 
Carolina Woods, 
Coachmans Club, 
Coachmans Gate, 
Coachmans Hall, 
Coachmans Hope, 
Coachmans Lake, 
Coachmans Lane, 
Coachmans Mill, 
Coachmans Park, 
Coachmans Tree, 
Coachmans West, 
Coley Avalaire, 
Coley Carolina, 
Coley District, 
Coley Hi-Mount, 
Coley Lakemont, 
Coley Medfield, 
Coley Parkland, 
Coley Skycrest, 
Coley Westlake, 
Coley Westover, 
Country Asbury, 
Country Barton, 
Country Bridge, 
Country Church, 
Country Forest, 
Country Hollow, 
Country Pointe, 
Country Square, 
Country Street, 
Country Valley, 
Crabtree Acres, 
Crabtree Brook, 
Crabtree Creek, 
Crabtree Grove, 
Crabtree Haven, 
Crabtree Hills, 
Crabtree Mount, 
Crabtree North, 
Crabtree Pines, 
Crabtree Place, 
Crabtree Ridge, 
Crabtree River, 
Crabtree South, 
Crabtree Trail, 
Crabtree Woods, 
Crossgate Club, 
Crossgate Gate, 
Crossgate Hall, 
Crossgate Hope, 
Crossgate Lake, 
Crossgate Lane, 
Crossgate Mill, 
Crossgate Park, 
Crossgate Tree, 
Crossgate West, 
Depot Avalaire, 
Depot Carolina, 
Depot District, 
Depot Hi-Mount, 
Depot Lakemont, 
Depot Medfield, 
Depot Parkland, 
Depot Skycrest, 
Depot Westlake, 
Depot Westover, 
Dominion Acres, 
Dominion Brook, 
Dominion Creek, 
Dominion Grove, 
Dominion Haven, 
Dominion Hills, 
Dominion Mount, 
Dominion North, 
Dominion Pines, 
Dominion Place, 
Dominion Ridge, 
Dominion River, 
Dominion South, 
Dominion Trail, 
Dominion Woods, 
Drewry Country, 
Drewry Estates, 
Drewry Gardens, 
Drewry Heights, 
Drewry Meadows, 
Drewry Oakwood, 
Drewry Umstead, 
Drewry Village, 
Drewry Wheeler, 
Durant Country, 
Durant Estates, 
Durant Gardens, 
Durant Heights, 
Durant Meadows, 
Durant Oakwood, 
Durant Umstead, 
Durant Village, 
Durant Wheeler, 
East Crossgate, 
East Hedingham, 
East Leesville, 
East Pinecrest, 
East Tealbriar, 
East Trailwood, 
East Woodcrest, 
Fairfax Asbury, 
Fairfax Barton, 
Fairfax Bridge, 
Fairfax Church, 
Fairfax Forest, 
Fairfax Hollow, 
Fairfax Pointe, 
Fairfax Square, 
Fairfax Street, 
Fairfax Valley, 
Falls Avalaire, 
Falls Carolina, 
Falls District, 
Falls Hi-Mount, 
Falls Lakemont, 
Falls Medfield, 
Falls Parkland, 
Falls Skycrest, 
Falls Westlake, 
Falls Westover, 
Five Crossgate, 
Five Hedingham, 
Five Leesville, 
Five Pinecrest, 
Five Tealbriar, 
Five Trailwood, 
Five Woodcrest, 
Glenwood Acres, 
Glenwood Brook, 
Glenwood Creek, 
Glenwood Grove, 
Glenwood Haven, 
Glenwood Hills, 
Glenwood Mount, 
Glenwood North, 
Glenwood Pines, 
Glenwood Place, 
Glenwood Ridge, 
Glenwood River, 
Glenwood South, 
Glenwood Trail, 
Glenwood Woods, 
Hayes Avalaire, 
Hayes Carolina, 
Hayes District, 
Hayes Hi-Mount, 
Hayes Lakemont, 
Hayes Medfield, 
Hayes Parkland, 
Hayes Skycrest, 
Hayes Westlake, 
Hayes Westover, 
Hedingham Club, 
Hedingham Gate, 
Hedingham Hall, 
Hedingham Hope, 
Hedingham Lake, 
Hedingham Lane, 
Hedingham Mill, 
Hedingham Park, 
Hedingham Tree, 
Hedingham West, 
Hi-Mount Acres, 
Hi-Mount Brook, 
Hi-Mount Creek, 
Hi-Mount Grove, 
Hi-Mount Haven, 
Hi-Mount Hills, 
Hi-Mount Mount, 
Hi-Mount North, 
Hi-Mount Pines, 
Hi-Mount Place, 
Hi-Mount Ridge, 
Hi-Mount River, 
Hi-Mount South, 
Hi-Mount Trail, 
Hi-Mount Woods, 
Hickory Asbury, 
Hickory Barton, 
Hickory Bridge, 
Hickory Church, 
Hickory Forest, 
Hickory Hollow, 
Hickory Pointe, 
Hickory Square, 
Hickory Street, 
Hickory Valley, 
Historic Acres, 
Historic Brook, 
Historic Creek, 
Historic Grove, 
Historic Haven, 
Historic Hills, 
Historic Mount, 
Historic North, 
Historic Pines, 
Historic Place, 
Historic Ridge, 
Historic River, 
Historic South, 
Historic Trail, 
Historic Woods, 
Lake Crossgate, 
Lake Hedingham, 
Lake Leesville, 
Lake Pinecrest, 
Lake Tealbriar, 
Lake Trailwood, 
Lake Woodcrest, 
Lakemont Acres, 
Lakemont Brook, 
Lakemont Creek, 
Lakemont Grove, 
Lakemont Haven, 
Lakemont Hills, 
Lakemont Mount, 
Lakemont North, 
Lakemont Pines, 
Lakemont Place, 
Lakemont Ridge, 
Lakemont River, 
Lakemont South, 
Lakemont Trail, 
Lakemont Woods, 
Laurel Country, 
Laurel Estates, 
Laurel Gardens, 
Laurel Heights, 
Laurel Meadows, 
Laurel Oakwood, 
Laurel Umstead, 
Laurel Village, 
Laurel Wheeler, 
Leesville Club, 
Leesville Gate, 
Leesville Hall, 
Leesville Hope, 
Leesville Lake, 
Leesville Lane, 
Leesville Mill, 
Leesville Park, 
Leesville Tree, 
Leesville West, 
Longview Acres, 
Longview Brook, 
Longview Creek, 
Longview Grove, 
Longview Haven, 
Longview Hills, 
Longview Mount, 
Longview North, 
Longview Pines, 
Longview Place, 
Longview Ridge, 
Longview River, 
Longview South, 
Longview Trail, 
Longview Woods, 
Madonna Asbury, 
Madonna Barton, 
Madonna Bridge, 
Madonna Church, 
Madonna Forest, 
Madonna Hollow, 
Madonna Pointe, 
Madonna Square, 
Madonna Street, 
Madonna Valley, 
Maiden Country, 
Maiden Estates, 
Maiden Gardens, 
Maiden Heights, 
Maiden Meadows, 
Maiden Oakwood, 
Maiden Umstead, 
Maiden Village, 
Maiden Wheeler, 
Medfield Acres, 
Medfield Brook, 
Medfield Creek, 
Medfield Grove, 
Medfield Haven, 
Medfield Hills, 
Medfield Mount, 
Medfield North, 
Medfield Pines, 
Medfield Place, 
Medfield Ridge, 
Medfield River, 
Medfield South, 
Medfield Trail, 
Medfield Woods, 
Millbrook Club, 
Millbrook Gate, 
Millbrook Hall, 
Millbrook Hope, 
Millbrook Lake, 
Millbrook Lane, 
Millbrook Mill, 
Millbrook Park, 
Millbrook Tree, 
Millbrook West, 
Moore Avalaire, 
Moore Carolina, 
Moore District, 
Moore Hi-Mount, 
Moore Lakemont, 
Moore Medfield, 
Moore Parkland, 
Moore Skycrest, 
Moore Westlake, 
Moore Westover, 
Mordecai Acres, 
Mordecai Brook, 
Mordecai Creek, 
Mordecai Grove, 
Mordecai Haven, 
Mordecai Hills, 
Mordecai Mount, 
Mordecai North, 
Mordecai Pines, 
Mordecai Place, 
Mordecai Ridge, 
Mordecai River, 
Mordecai South, 
Mordecai Trail, 
Mordecai Woods, 
New Government, 
New Manchester, 
New Plantation, 
New Stonehenge, 
New Thorpshire, 
New Timberlake, 
New Tysonville, 
North Avalaire, 
North Carolina, 
North District, 
North Hi-Mount, 
North Lakemont, 
North Medfield, 
North Parkland, 
North Skycrest, 
North Westlake, 
North Westover, 
Oak Government, 
Oak Manchester, 
Oak Plantation, 
Oak Stonehenge, 
Oak Thorpshire, 
Oak Timberlake, 
Oak Tysonville, 
Olde Crossgate, 
Olde Hedingham, 
Olde Leesville, 
Olde Pinecrest, 
Olde Tealbriar, 
Olde Trailwood, 
Olde Woodcrest, 
Parkland Acres, 
Parkland Brook, 
Parkland Creek, 
Parkland Grove, 
Parkland Haven, 
Parkland Hills, 
Parkland Mount, 
Parkland North, 
Parkland Pines, 
Parkland Place, 
Parkland Ridge, 
Parkland River, 
Parkland South, 
Parkland Trail, 
Parkland Woods, 
Pinecrest Club, 
Pinecrest Gate, 
Pinecrest Hall, 
Pinecrest Hope, 
Pinecrest Lake, 
Pinecrest Lane, 
Pinecrest Mill, 
Pinecrest Park, 
Pinecrest Tree, 
Pinecrest West, 
Quail Avalaire, 
Quail Carolina, 
Quail District, 
Quail Hi-Mount, 
Quail Lakemont, 
Quail Medfield, 
Quail Parkland, 
Quail Skycrest, 
Quail Westlake, 
Quail Westover, 
Raleigh Asbury, 
Raleigh Barton, 
Raleigh Bridge, 
Raleigh Church, 
Raleigh Forest, 
Raleigh Hollow, 
Raleigh Pointe, 
Raleigh Square, 
Raleigh Street, 
Raleigh Valley, 
Roanoke Asbury, 
Roanoke Barton, 
Roanoke Bridge, 
Roanoke Church, 
Roanoke Forest, 
Roanoke Hollow, 
Roanoke Pointe, 
Roanoke Square, 
Roanoke Street, 
Roanoke Valley, 
Rochester Club, 
Rochester Gate, 
Rochester Hall, 
Rochester Hope, 
Rochester Lake, 
Rochester Lane, 
Rochester Mill, 
Rochester Park, 
Rochester Tree, 
Rochester West, 
Skycrest Acres, 
Skycrest Brook, 
Skycrest Creek, 
Skycrest Grove, 
Skycrest Haven, 
Skycrest Hills, 
Skycrest Mount, 
Skycrest North, 
Skycrest Pines, 
Skycrest Place, 
Skycrest Ridge, 
Skycrest River, 
Skycrest South, 
Skycrest Trail, 
Skycrest Woods, 
South Avalaire, 
South Carolina, 
South District, 
South Hi-Mount, 
South Lakemont, 
South Medfield, 
South Parkland, 
South Skycrest, 
South Westlake, 
South Westover, 
State Avalaire, 
State Carolina, 
State District, 
State Hi-Mount, 
State Lakemont, 
State Medfield, 
State Parkland, 
State Skycrest, 
State Westlake, 
State Westover, 
Summit Country, 
Summit Estates, 
Summit Gardens, 
Summit Heights, 
Summit Meadows, 
Summit Oakwood, 
Summit Umstead, 
Summit Village, 
Summit Wheeler, 
Swift Avalaire, 
Swift Carolina, 
Swift District, 
Swift Hi-Mount, 
Swift Lakemont, 
Swift Medfield, 
Swift Parkland, 
Swift Skycrest, 
Swift Westlake, 
Swift Westover, 
Tadlock Asbury, 
Tadlock Barton, 
Tadlock Bridge, 
Tadlock Church, 
Tadlock Forest, 
Tadlock Hollow, 
Tadlock Pointe, 
Tadlock Square, 
Tadlock Street, 
Tadlock Valley, 
Tealbriar Club, 
Tealbriar Gate, 
Tealbriar Hall, 
Tealbriar Hope, 
Tealbriar Lake, 
Tealbriar Lane, 
Tealbriar Mill, 
Tealbriar Park, 
Tealbriar Tree, 
Tealbriar West, 
Trailwood Club, 
Trailwood Gate, 
Trailwood Hall, 
Trailwood Hope, 
Trailwood Lake, 
Trailwood Lane, 
Trailwood Mill, 
Trailwood Park, 
Trailwood Tree, 
Trailwood West, 
Trinity Asbury, 
Trinity Barton, 
Trinity Bridge, 
Trinity Church, 
Trinity Forest, 
Trinity Hollow, 
Trinity Pointe, 
Trinity Square, 
Trinity Street, 
Trinity Valley, 
Umstead Asbury, 
Umstead Barton, 
Umstead Bridge, 
Umstead Church, 
Umstead Forest, 
Umstead Hollow, 
Umstead Pointe, 
Umstead Square, 
Umstead Street, 
Umstead Valley, 
Vanguard Acres, 
Vanguard Brook, 
Vanguard Creek, 
Vanguard Grove, 
Vanguard Haven, 
Vanguard Hills, 
Vanguard Mount, 
Vanguard North, 
Vanguard Pines, 
Vanguard Place, 
Vanguard Ridge, 
Vanguard River, 
Vanguard South, 
Vanguard Trail, 
Vanguard Woods, 
Victoria Acres, 
Victoria Brook, 
Victoria Creek, 
Victoria Grove, 
Victoria Haven, 
Victoria Hills, 
Victoria Mount, 
Victoria North, 
Victoria Pines, 
Victoria Place, 
Victoria Ridge, 
Victoria River, 
Victoria South, 
Victoria Trail, 
Victoria Woods, 
Village Asbury, 
Village Barton, 
Village Bridge, 
Village Church, 
Village Forest, 
Village Hollow, 
Village Pointe, 
Village Square, 
Village Street, 
Village Valley, 
Wakefield Club, 
Wakefield Gate, 
Wakefield Hall, 
Wakefield Hope, 
Wakefield Lake, 
Wakefield Lane, 
Wakefield Mill, 
Wakefield Park, 
Wakefield Tree, 
Wakefield West, 
Walnut Country, 
Walnut Estates, 
Walnut Gardens, 
Walnut Heights, 
Walnut Meadows, 
Walnut Oakwood, 
Walnut Umstead, 
Walnut Village, 
Walnut Wheeler, 
Warehouse Club, 
Warehouse Gate, 
Warehouse Hall, 
Warehouse Hope, 
Warehouse Lake, 
Warehouse Lane, 
Warehouse Mill, 
Warehouse Park, 
Warehouse Tree, 
Warehouse West, 
Wayland Asbury, 
Wayland Barton, 
Wayland Bridge, 
Wayland Church, 
Wayland Forest, 
Wayland Hollow, 
Wayland Pointe, 
Wayland Square, 
Wayland Street, 
Wayland Valley, 
West Crossgate, 
West Hedingham, 
West Leesville, 
West Pinecrest, 
West Tealbriar, 
West Trailwood, 
West Woodcrest, 
Westlake Acres, 
Westlake Brook, 
Westlake Creek, 
Westlake Grove, 
Westlake Haven, 
Westlake Hills, 
Westlake Mount, 
Westlake North, 
Westlake Pines, 
Westlake Place, 
Westlake Ridge, 
Westlake River, 
Westlake South, 
Westlake Trail, 
Westlake Woods, 
Westover Acres, 
Westover Brook, 
Westover Creek, 
Westover Grove, 
Westover Haven, 
Westover Hills, 
Westover Mount, 
Westover North, 
Westover Pines, 
Westover Place, 
Westover Ridge, 
Westover River, 
Westover South, 
Westover Trail, 
Westover Woods, 
Wilder's Club, 
Wilder's Gate, 
Wilder's Hall, 
Wilder's Hope, 
Wilder's Lake, 
Wilder's Lane, 
Wilder's Mill, 
Wilder's Park, 
Wilder's Tree, 
Wilder's West, 
Wood Crossgate, 
Wood Hedingham, 
Wood Leesville, 
Wood Pinecrest, 
Wood Tealbriar, 
Wood Trailwood, 
Wood Woodcrest, 
Woodcrest Club, 
Woodcrest Gate, 
Woodcrest Hall, 
Woodcrest Hope, 
Woodcrest Lake, 
Woodcrest Lane, 
Woodcrest Mill, 
Woodcrest Park, 
Woodcrest Tree, 
Woodcrest West, 
Woodcrest Woods,
Anderson Asbury, 
Anderson Barton, 
Anderson Bridge, 
Anderson Church, 
Anderson Forest, 
Anderson Hollow, 
Anderson Pointe, 
Anderson Square, 
Anderson Street, 
Anderson Valley, 
Asbury Avalaire, 
Asbury Carolina, 
Asbury District, 
Asbury Hi-Mount, 
Asbury Lakemont, 
Asbury Medfield, 
Asbury Parkland, 
Asbury Skycrest, 
Asbury Westlake, 
Asbury Westover, 
Avalaire Asbury, 
Avalaire Barton, 
Avalaire Bridge, 
Avalaire Church, 
Avalaire Forest, 
Avalaire Hollow, 
Avalaire Pointe, 
Avalaire Square, 
Avalaire Street, 
Avalaire Valley, 
Avent Crossgate, 
Avent Hedingham, 
Avent Leesville, 
Avent Pinecrest, 
Avent Tealbriar, 
Avent Trailwood, 
Avent Woodcrest, 
Battery Country, 
Battery Estates, 
Battery Gardens, 
Battery Heights, 
Battery Meadows, 
Battery Oakwood, 
Battery Umstead, 
Battery Village, 
Battery Wheeler, 
Belvidere Acres, 
Belvidere Brook, 
Belvidere Creek, 
Belvidere Grove, 
Belvidere Haven, 
Belvidere Hills, 
Belvidere Mount, 
Belvidere North, 
Belvidere Pines, 
Belvidere Place, 
Belvidere Ridge, 
Belvidere River, 
Belvidere South, 
Belvidere Trail, 
Belvidere Woods, 
Bent Government, 
Bent Manchester, 
Bent Plantation, 
Bent Stonehenge, 
Bent Thorpshire, 
Bent Timberlake, 
Bent Tysonville, 
Biltmore Asbury, 
Biltmore Barton, 
Biltmore Bridge, 
Biltmore Church, 
Biltmore Forest, 
Biltmore Hollow, 
Biltmore Pointe, 
Biltmore Square, 
Biltmore Street, 
Biltmore Valley, 
Boylan Avalaire, 
Boylan Carolina, 
Boylan District, 
Boylan Hi-Mount, 
Boylan Lakemont, 
Boylan Medfield, 
Boylan Parkland, 
Boylan Skycrest, 
Boylan Westlake, 
Boylan Westover, 
Brandywine Club, 
Brandywine Gate, 
Brandywine Hall, 
Brandywine Hope, 
Brandywine Lake, 
Brandywine Lane, 
Brandywine Mill, 
Brandywine Park, 
Brandywine Tree, 
Brandywine West, 
Brentwood Acres, 
Brentwood Brook, 
Brentwood Creek, 
Brentwood Grove, 
Brentwood Haven, 
Brentwood Hills, 
Brentwood Mount, 
Brentwood North, 
Brentwood Pines, 
Brentwood Place, 
Brentwood Ridge, 
Brentwood River, 
Brentwood South, 
Brentwood Trail, 
Brentwood Woods, 
Brier Crossgate, 
Brier Hedingham, 
Brier Leesville, 
Brier Pinecrest, 
Brier Tealbriar, 
Brier Trailwood, 
Brier Woodcrest, 
Cameron Country, 
Cameron Estates, 
Cameron Gardens, 
Cameron Heights, 
Cameron Meadows, 
Cameron Oakwood, 
Cameron Umstead, 
Cameron Village, 
Cameron Wheeler, 
Capitol Country, 
Capitol Estates, 
Capitol Gardens, 
Capitol Heights, 
Capitol Meadows, 
Capitol Oakwood, 
Capitol Umstead, 
Capitol Village, 
Capitol Wheeler, 
Carolina Asbury, 
Carolina Barton, 
Carolina Bridge, 
Carolina Church, 
Carolina Forest, 
Carolina Hollow, 
Carolina Pointe, 
Carolina Square, 
Carolina Street, 
Carolina Valley, 
Coachmans Acres, 
Coachmans Brook, 
Coachmans Creek, 
Coachmans Grove, 
Coachmans Haven, 
Coachmans Hills, 
Coachmans Mount, 
Coachmans North, 
Coachmans Pines, 
Coachmans Place, 
Coachmans Ridge, 
Coachmans River, 
Coachmans South, 
Coachmans Trail, 
Coachmans Woods, 
Coley Crossgate, 
Coley Hedingham, 
Coley Leesville, 
Coley Pinecrest, 
Coley Tealbriar, 
Coley Trailwood, 
Coley Woodcrest, 
Country Country, 
Country Estates, 
Country Gardens, 
Country Heights, 
Country Meadows, 
Country Oakwood, 
Country Umstead, 
Country Village, 
Country Wheeler, 
Crabtree Asbury, 
Crabtree Barton, 
Crabtree Bridge, 
Crabtree Church, 
Crabtree Forest, 
Crabtree Hollow, 
Crabtree Pointe, 
Crabtree Square, 
Crabtree Street, 
Crabtree Valley, 
Crossgate Acres, 
Crossgate Brook, 
Crossgate Creek, 
Crossgate Grove, 
Crossgate Haven, 
Crossgate Hills, 
Crossgate Mount, 
Crossgate North, 
Crossgate Pines, 
Crossgate Place, 
Crossgate Ridge, 
Crossgate River, 
Crossgate South, 
Crossgate Trail, 
Crossgate Woods, 
Depot Crossgate, 
Depot Hedingham, 
Depot Leesville, 
Depot Pinecrest, 
Depot Tealbriar, 
Depot Trailwood, 
Depot Woodcrest, 
Dominion Asbury, 
Dominion Barton, 
Dominion Bridge, 
Dominion Church, 
Dominion Forest, 
Dominion Hollow, 
Dominion Pointe, 
Dominion Square, 
Dominion Street, 
Dominion Valley, 
Drewry Avalaire, 
Drewry Carolina, 
Drewry District, 
Drewry Hi-Mount, 
Drewry Lakemont, 
Drewry Medfield, 
Drewry Parkland, 
Drewry Skycrest, 
Drewry Westlake, 
Drewry Westover, 
Durant Avalaire, 
Durant Carolina, 
Durant District, 
Durant Hi-Mount, 
Durant Lakemont, 
Durant Medfield, 
Durant Parkland, 
Durant Skycrest, 
Durant Westlake, 
Durant Westover, 
East Government, 
East Manchester, 
East Plantation, 
East Stonehenge, 
East Thorpshire, 
East Timberlake, 
East Tysonville, 
Fairfax Country, 
Fairfax Estates, 
Fairfax Gardens, 
Fairfax Heights, 
Fairfax Meadows, 
Fairfax Oakwood, 
Fairfax Umstead, 
Fairfax Village, 
Fairfax Wheeler, 
Falls Crossgate, 
Falls Hedingham, 
Falls Leesville, 
Falls Pinecrest, 
Falls Tealbriar, 
Falls Trailwood, 
Falls Woodcrest, 
Five Government, 
Five Manchester, 
Five Plantation, 
Five Stonehenge, 
Five Thorpshire, 
Five Timberlake, 
Five Tysonville, 
Glenwood Asbury, 
Glenwood Barton, 
Glenwood Bridge, 
Glenwood Church, 
Glenwood Forest, 
Glenwood Hollow, 
Glenwood Pointe, 
Glenwood Square, 
Glenwood Street, 
Glenwood Valley, 
Hayes Crossgate, 
Hayes Hedingham, 
Hayes Leesville, 
Hayes Pinecrest, 
Hayes Tealbriar, 
Hayes Trailwood, 
Hayes Woodcrest, 
Hedingham Acres, 
Hedingham Brook, 
Hedingham Creek, 
Hedingham Grove, 
Hedingham Haven, 
Hedingham Hills, 
Hedingham Mount, 
Hedingham North, 
Hedingham Pines, 
Hedingham Place, 
Hedingham Ridge, 
Hedingham River, 
Hedingham South, 
Hedingham Trail, 
Hedingham Woods, 
Hi-Mount Asbury, 
Hi-Mount Barton, 
Hi-Mount Bridge, 
Hi-Mount Church, 
Hi-Mount Forest, 
Hi-Mount Hollow, 
Hi-Mount Pointe, 
Hi-Mount Square, 
Hi-Mount Street, 
Hi-Mount Valley, 
Hickory Country, 
Hickory Estates, 
Hickory Gardens, 
Hickory Heights, 
Hickory Meadows, 
Hickory Oakwood, 
Hickory Umstead, 
Hickory Village, 
Hickory Wheeler, 
Historic Asbury, 
Historic Barton, 
Historic Bridge, 
Historic Church, 
Historic Forest, 
Historic Hollow, 
Historic Pointe, 
Historic Square, 
Historic Street, 
Historic Valley, 
Lake Government, 
Lake Manchester, 
Lake Plantation, 
Lake Stonehenge, 
Lake Thorpshire, 
Lake Timberlake, 
Lake Tysonville, 
Lakemont Asbury, 
Lakemont Barton, 
Lakemont Bridge, 
Lakemont Church, 
Lakemont Forest, 
Lakemont Hollow, 
Lakemont Pointe, 
Lakemont Square, 
Lakemont Street, 
Lakemont Valley, 
Laurel Avalaire, 
Laurel Carolina, 
Laurel District, 
Laurel Hi-Mount, 
Laurel Lakemont, 
Laurel Medfield, 
Laurel Parkland, 
Laurel Skycrest, 
Laurel Westlake, 
Laurel Westover, 
Leesville Acres, 
Leesville Brook, 
Leesville Creek, 
Leesville Grove, 
Leesville Haven, 
Leesville Hills, 
Leesville Mount, 
Leesville North, 
Leesville Pines, 
Leesville Place, 
Leesville Ridge, 
Leesville River, 
Leesville South, 
Leesville Trail, 
Leesville Woods, 
Longview Asbury, 
Longview Barton, 
Longview Bridge, 
Longview Church, 
Longview Forest, 
Longview Hollow, 
Longview Pointe, 
Longview Square, 
Longview Street, 
Longview Valley, 
Madonna Country, 
Madonna Estates, 
Madonna Gardens, 
Madonna Heights, 
Madonna Meadows, 
Madonna Oakwood, 
Madonna Umstead, 
Madonna Village, 
Madonna Wheeler, 
Maiden Avalaire, 
Maiden Carolina, 
Maiden District, 
Maiden Hi-Mount, 
Maiden Lakemont, 
Maiden Medfield, 
Maiden Parkland, 
Maiden Skycrest, 
Maiden Westlake, 
Maiden Westover, 
Manchester Club, 
Manchester Gate, 
Manchester Hall, 
Manchester Hope, 
Manchester Lake, 
Manchester Lane, 
Manchester Mill, 
Manchester Park, 
Manchester Tree, 
Manchester West, 
Medfield Asbury, 
Medfield Barton, 
Medfield Bridge, 
Medfield Church, 
Medfield Forest, 
Medfield Hollow, 
Medfield Pointe, 
Medfield Square, 
Medfield Street, 
Medfield Valley, 
Millbrook Acres, 
Millbrook Brook, 
Millbrook Creek, 
Millbrook Grove, 
Millbrook Haven, 
Millbrook Hills, 
Millbrook Mount, 
Millbrook North, 
Millbrook Pines, 
Millbrook Place, 
Millbrook Ridge, 
Millbrook River, 
Millbrook South, 
Millbrook Trail, 
Millbrook Woods, 
Moore Crossgate, 
Moore Hedingham, 
Moore Leesville, 
Moore Pinecrest, 
Moore Tealbriar, 
Moore Trailwood, 
Moore Woodcrest, 
Mordecai Asbury, 
Mordecai Barton, 
Mordecai Bridge, 
Mordecai Church, 
Mordecai Forest, 
Mordecai Hollow, 
Mordecai Pointe, 
Mordecai Square, 
Mordecai Street, 
Mordecai Valley, 
New Stonebridge, 
New Summerfield, 
North Crossgate, 
North Hedingham, 
North Leesville, 
North Pinecrest, 
North Tealbriar, 
North Trailwood, 
North Woodcrest, 
Oak Stonebridge, 
Oak Summerfield, 
Olde Government, 
Olde Manchester, 
Olde Plantation, 
Olde Stonehenge, 
Olde Thorpshire, 
Olde Timberlake, 
Olde Tysonville, 
Parkland Asbury, 
Parkland Barton, 
Parkland Bridge, 
Parkland Church, 
Parkland Forest, 
Parkland Hollow, 
Parkland Pointe, 
Parkland Square, 
Parkland Street, 
Parkland Valley, 
Pinecrest Acres, 
Pinecrest Brook, 
Pinecrest Creek, 
Pinecrest Grove, 
Pinecrest Haven, 
Pinecrest Hills, 
Pinecrest Mount, 
Pinecrest North, 
Pinecrest Pines, 
Pinecrest Place, 
Pinecrest Ridge, 
Pinecrest River, 
Pinecrest South, 
Pinecrest Trail, 
Pinecrest Woods, 
Quail Crossgate, 
Quail Hedingham, 
Quail Leesville, 
Quail Pinecrest, 
Quail Tealbriar, 
Quail Trailwood, 
Quail Woodcrest, 
Raleigh Country, 
Raleigh Estates, 
Raleigh Gardens, 
Raleigh Heights, 
Raleigh Meadows, 
Raleigh Oakwood, 
Raleigh Umstead, 
Raleigh Village, 
Raleigh Wheeler, 
Roanoke Country, 
Roanoke Estates, 
Roanoke Gardens, 
Roanoke Heights, 
Roanoke Meadows, 
Roanoke Oakwood, 
Roanoke Umstead, 
Roanoke Village, 
Roanoke Wheeler, 
Rochester Acres, 
Rochester Brook, 
Rochester Creek, 
Rochester Grove, 
Rochester Haven, 
Rochester Hills, 
Rochester Mount, 
Rochester North, 
Rochester Pines, 
Rochester Place, 
Rochester Ridge, 
Rochester River, 
Rochester South, 
Rochester Trail, 
Rochester Woods, 
Skycrest Asbury, 
Skycrest Barton, 
Skycrest Bridge, 
Skycrest Church, 
Skycrest Forest, 
Skycrest Hollow, 
Skycrest Pointe, 
Skycrest Square, 
Skycrest Street, 
Skycrest Valley, 
South Crossgate, 
South Hedingham, 
South Leesville, 
South Pinecrest, 
South Tealbriar, 
South Trailwood, 
South Woodcrest, 
State Crossgate, 
State Hedingham, 
State Leesville, 
State Pinecrest, 
State Tealbriar, 
State Trailwood, 
State Woodcrest, 
Stonehenge Club, 
Stonehenge Gate, 
Stonehenge Hall, 
Stonehenge Hope, 
Stonehenge Lake, 
Stonehenge Lane, 
Stonehenge Mill, 
Stonehenge Park, 
Stonehenge Tree, 
Stonehenge West, 
Summit Avalaire, 
Summit Carolina, 
Summit District, 
Summit Hi-Mount, 
Summit Lakemont, 
Summit Medfield, 
Summit Parkland, 
Summit Skycrest, 
Summit Westlake, 
Summit Westover, 
Swift Crossgate, 
Swift Hedingham, 
Swift Leesville, 
Swift Pinecrest, 
Swift Tealbriar, 
Swift Trailwood, 
Swift Woodcrest, 
Tadlock Country, 
Tadlock Estates, 
Tadlock Gardens, 
Tadlock Heights, 
Tadlock Meadows, 
Tadlock Oakwood, 
Tadlock Umstead, 
Tadlock Village, 
Tadlock Wheeler, 
Tealbriar Acres, 
Tealbriar Brook, 
Tealbriar Creek, 
Tealbriar Grove, 
Tealbriar Haven, 
Tealbriar Hills, 
Tealbriar Mount, 
Tealbriar North, 
Tealbriar Pines, 
Tealbriar Place, 
Tealbriar Ridge, 
Tealbriar River, 
Tealbriar South, 
Tealbriar Trail, 
Tealbriar Woods, 
Thorpshire Club, 
Thorpshire Gate, 
Thorpshire Hall, 
Thorpshire Hope, 
Thorpshire Lake, 
Thorpshire Lane, 
Thorpshire Mill, 
Thorpshire Park, 
Thorpshire Tree, 
Thorpshire West, 
Timberlake Club, 
Timberlake Gate, 
Timberlake Hall, 
Timberlake Hope, 
Timberlake Lake, 
Timberlake Lane, 
Timberlake Mill, 
Timberlake Park, 
Timberlake Tree, 
Timberlake West, 
Trailwood Acres, 
Trailwood Brook, 
Trailwood Creek, 
Trailwood Grove, 
Trailwood Haven, 
Trailwood Hills, 
Trailwood Mount, 
Trailwood North, 
Trailwood Pines, 
Trailwood Place, 
Trailwood Ridge, 
Trailwood River, 
Trailwood South, 
Trailwood Trail, 
Trailwood Woods, 
Trinity Country, 
Trinity Estates, 
Trinity Gardens, 
Trinity Heights, 
Trinity Meadows, 
Trinity Oakwood, 
Trinity Umstead, 
Trinity Village, 
Trinity Wheeler, 
Tysonville Club, 
Tysonville Gate, 
Tysonville Hall, 
Tysonville Hope, 
Tysonville Lake, 
Tysonville Lane, 
Tysonville Mill, 
Tysonville Park, 
Tysonville Tree, 
Tysonville West, 
Umstead Country, 
Umstead Estates, 
Umstead Gardens, 
Umstead Heights, 
Umstead Meadows, 
Umstead Oakwood, 
Umstead Umstead, 
Umstead Village, 
Umstead Wheeler, 
University Club, 
University Gate, 
University Hall, 
University Hope, 
University Lake, 
University Lane, 
University Mill, 
University Park, 
University Tree, 
University West, 
Vanguard Asbury, 
Vanguard Barton, 
Vanguard Bridge, 
Vanguard Church, 
Vanguard Forest, 
Vanguard Hollow, 
Vanguard Pointe, 
Vanguard Square, 
Vanguard Street, 
Vanguard Valley, 
Victoria Asbury, 
Victoria Barton, 
Victoria Bridge, 
Victoria Church, 
Victoria Forest, 
Victoria Hollow, 
Victoria Pointe, 
Victoria Square, 
Victoria Street, 
Victoria Valley, 
Village Country, 
Village Estates, 
Village Gardens, 
Village Heights, 
Village Meadows, 
Village Oakwood, 
Village Umstead, 
Village Village, 
Village Wheeler, 
Wakefield Acres, 
Wakefield Brook, 
Wakefield Creek, 
Wakefield Grove, 
Wakefield Haven, 
Wakefield Hills, 
Wakefield Mount, 
Wakefield North, 
Wakefield Pines, 
Wakefield Place, 
Wakefield Ridge, 
Wakefield River, 
Wakefield South, 
Wakefield Trail, 
Wakefield Woods, 
Walnut Avalaire, 
Walnut Carolina, 
Walnut District, 
Walnut Hi-Mount, 
Walnut Lakemont, 
Walnut Medfield, 
Walnut Parkland, 
Walnut Skycrest, 
Walnut Westlake, 
Walnut Westover, 
Warehouse Acres, 
Warehouse Brook, 
Warehouse Creek, 
Warehouse Grove, 
Warehouse Haven, 
Warehouse Hills, 
Warehouse Mount, 
Warehouse North, 
Warehouse Pines, 
Warehouse Place, 
Warehouse Ridge, 
Warehouse River, 
Warehouse South, 
Warehouse Trail, 
Warehouse Woods, 
Wayland Country, 
Wayland Estates, 
Wayland Gardens, 
Wayland Heights, 
Wayland Meadows, 
Wayland Oakwood, 
Wayland Umstead, 
Wayland Village, 
Wayland Wheeler, 
West Government, 
West Manchester, 
West Plantation, 
West Stonehenge, 
West Thorpshire, 
West Timberlake, 
West Tysonville, 
Westlake Asbury, 
Westlake Barton, 
Westlake Bridge, 
Westlake Church, 
Westlake Forest, 
Westlake Hollow, 
Westlake Pointe, 
Westlake Square, 
Westlake Street, 
Westlake Valley, 
Westover Asbury, 
Westover Barton, 
Westover Bridge, 
Westover Church, 
Westover Forest, 
Westover Hollow, 
Westover Pointe, 
Westover Square, 
Westover Street, 
Westover Valley, 
Wilder's Acres, 
Wilder's Brook, 
Wilder's Creek, 
Wilder's Grove, 
Wilder's Haven, 
Wilder's Hills, 
Wilder's Mount, 
Wilder's North, 
Wilder's Pines, 
Wilder's Place, 
Wilder's Ridge, 
Wilder's River, 
Wilder's South, 
Wilder's Trail, 
Wilder's Woods, 
Wood Government, 
Wood Manchester, 
Wood Plantation, 
Wood Stonehenge, 
Wood Thorpshire, 
Wood Timberlake, 
Wood Tysonville, 
Woodcrest Acres, 
Woodcrest Brook, 
Woodcrest Creek, 
Woodcrest Grove, 
Woodcrest Haven, 
Woodcrest Hills, 
Woodcrest Mount, 
Woodcrest North, 
Woodcrest Pines, 
Woodcrest Place, 
Woodcrest Ridge, 
Woodcrest River, 
Woodcrest South, 
Woodcrest Trail, 
Anderson Country, 
Anderson Estates, 
Anderson Gardens, 
Anderson Heights, 
Anderson Meadows, 
Anderson Oakwood, 
Anderson Umstead, 
Anderson Village, 
Anderson Wheeler, 
Asbury Crossgate, 
Asbury Hedingham, 
Asbury Leesville, 
Asbury Pinecrest, 
Asbury Tealbriar, 
Asbury Trailwood, 
Asbury Woodcrest, 
Avalaire Country, 
Avalaire Estates, 
Avalaire Gardens, 
Avalaire Heights, 
Avalaire Meadows, 
Avalaire Oakwood, 
Avalaire Umstead, 
Avalaire Village, 
Avalaire Wheeler, 
Avent Government, 
Avent Manchester, 
Avent Plantation, 
Avent Stonehenge, 
Avent Thorpshire, 
Avent Timberlake, 
Avent Tysonville, 
Battery Avalaire, 
Battery Carolina, 
Battery District, 
Battery Hi-Mount, 
Battery Lakemont, 
Battery Medfield, 
Battery Parkland, 
Battery Skycrest, 
Battery Westlake, 
Battery Westover, 
Belvidere Asbury, 
Belvidere Barton, 
Belvidere Bridge, 
Belvidere Church, 
Belvidere Forest, 
Belvidere Hollow, 
Belvidere Pointe, 
Belvidere Square, 
Belvidere Street, 
Belvidere Valley, 
Bent Stonebridge, 
Bent Summerfield, 
Biltmore Country, 
Biltmore Estates, 
Biltmore Gardens, 
Biltmore Heights, 
Biltmore Meadows, 
Biltmore Oakwood, 
Biltmore Umstead, 
Biltmore Village, 
Biltmore Wheeler, 
Boylan Crossgate, 
Boylan Hedingham, 
Boylan Leesville, 
Boylan Pinecrest, 
Boylan Tealbriar, 
Boylan Trailwood, 
Boylan Woodcrest, 
Brandywine Acres, 
Brandywine Brook, 
Brandywine Creek, 
Brandywine Grove, 
Brandywine Haven, 
Brandywine Hills, 
Brandywine Mount, 
Brandywine North, 
Brandywine Pines, 
Brandywine Place, 
Brandywine Ridge, 
Brandywine River, 
Brandywine South, 
Brandywine Trail, 
Brandywine Woods, 
Brentwood Asbury, 
Brentwood Barton, 
Brentwood Bridge, 
Brentwood Church, 
Brentwood Forest, 
Brentwood Hollow, 
Brentwood Pointe, 
Brentwood Square, 
Brentwood Street, 
Brentwood Valley, 
Brier Government, 
Brier Manchester, 
Brier Plantation, 
Brier Stonehenge, 
Brier Thorpshire, 
Brier Timberlake, 
Brier Tysonville, 
Cameron Avalaire, 
Cameron Carolina, 
Cameron District, 
Cameron Hi-Mount, 
Cameron Lakemont, 
Cameron Medfield, 
Cameron Parkland, 
Cameron Skycrest, 
Cameron Westlake, 
Cameron Westover, 
Capitol Avalaire, 
Capitol Carolina, 
Capitol District, 
Capitol Hi-Mount, 
Capitol Lakemont, 
Capitol Medfield, 
Capitol Parkland, 
Capitol Skycrest, 
Capitol Westlake, 
Capitol Westover, 
Carolina Country, 
Carolina Estates, 
Carolina Gardens, 
Carolina Heights, 
Carolina Meadows, 
Carolina Oakwood, 
Carolina Umstead, 
Carolina Village, 
Carolina Wheeler, 
Coachmans Asbury, 
Coachmans Barton, 
Coachmans Bridge, 
Coachmans Church, 
Coachmans Forest, 
Coachmans Hollow, 
Coachmans Pointe, 
Coachmans Square, 
Coachmans Street, 
Coachmans Valley, 
Coley Government, 
Coley Manchester, 
Coley Plantation, 
Coley Stonehenge, 
Coley Thorpshire, 
Coley Timberlake, 
Coley Tysonville, 
Country Avalaire, 
Country Carolina, 
Country District, 
Country Hi-Mount, 
Country Lakemont, 
Country Medfield, 
Country Parkland, 
Country Skycrest, 
Country Westlake, 
Country Westover, 
Crabtree Country, 
Crabtree Estates, 
Crabtree Gardens, 
Crabtree Heights, 
Crabtree Meadows, 
Crabtree Oakwood, 
Crabtree Umstead, 
Crabtree Village, 
Crabtree Wheeler, 
Crossgate Asbury, 
Crossgate Barton, 
Crossgate Bridge, 
Crossgate Church, 
Crossgate Forest, 
Crossgate Hollow, 
Crossgate Pointe, 
Crossgate Square, 
Crossgate Street, 
Crossgate Valley, 
Depot Government, 
Depot Manchester, 
Depot Plantation, 
Depot Stonehenge, 
Depot Thorpshire, 
Depot Timberlake, 
Depot Tysonville, 
Dominion Country, 
Dominion Estates, 
Dominion Gardens, 
Dominion Heights, 
Dominion Meadows, 
Dominion Oakwood, 
Dominion Umstead, 
Dominion Village, 
Dominion Wheeler, 
Drewry Crossgate, 
Drewry Hedingham, 
Drewry Leesville, 
Drewry Pinecrest, 
Drewry Tealbriar, 
Drewry Trailwood, 
Drewry Woodcrest, 
Durant Crossgate, 
Durant Hedingham, 
Durant Leesville, 
Durant Pinecrest, 
Durant Tealbriar, 
Durant Trailwood, 
Durant Woodcrest, 
East Stonebridge, 
East Summerfield, 
Fairfax Avalaire, 
Fairfax Carolina, 
Fairfax District, 
Fairfax Hi-Mount, 
Fairfax Lakemont, 
Fairfax Medfield, 
Fairfax Parkland, 
Fairfax Skycrest, 
Fairfax Westlake, 
Fairfax Westover, 
Falls Government, 
Falls Manchester, 
Falls Plantation, 
Falls Stonehenge, 
Falls Thorpshire, 
Falls Timberlake, 
Falls Tysonville, 
Five Stonebridge, 
Five Summerfield, 
Glenwood Country, 
Glenwood Estates, 
Glenwood Gardens, 
Glenwood Heights, 
Glenwood Meadows, 
Glenwood Oakwood, 
Glenwood Umstead, 
Glenwood Village, 
Glenwood Wheeler, 
Hayes Government, 
Hayes Manchester, 
Hayes Plantation, 
Hayes Stonehenge, 
Hayes Thorpshire, 
Hayes Timberlake, 
Hayes Tysonville, 
Hedingham Asbury, 
Hedingham Barton, 
Hedingham Bridge, 
Hedingham Church, 
Hedingham Forest, 
Hedingham Hollow, 
Hedingham Pointe, 
Hedingham Square, 
Hedingham Street, 
Hedingham Valley, 
Hi-Mount Country, 
Hi-Mount Estates, 
Hi-Mount Gardens, 
Hi-Mount Heights, 
Hi-Mount Meadows, 
Hi-Mount Oakwood, 
Hi-Mount Umstead, 
Hi-Mount Village, 
Hi-Mount Wheeler, 
Hickory Avalaire, 
Hickory Carolina, 
Hickory District, 
Hickory Hi-Mount, 
Hickory Lakemont, 
Hickory Medfield, 
Hickory Parkland, 
Hickory Skycrest, 
Hickory Westlake, 
Hickory Westover, 
Historic Country, 
Historic Estates, 
Historic Gardens, 
Historic Heights, 
Historic Meadows, 
Historic Oakwood, 
Historic Umstead, 
Historic Village, 
Historic Wheeler, 
Lake Stonebridge, 
Lake Summerfield, 
Lakemont Country, 
Lakemont Estates, 
Lakemont Gardens, 
Lakemont Heights, 
Lakemont Meadows, 
Lakemont Oakwood, 
Lakemont Umstead, 
Lakemont Village, 
Lakemont Wheeler, 
Laurel Crossgate, 
Laurel Hedingham, 
Laurel Leesville, 
Laurel Pinecrest, 
Laurel Tealbriar, 
Laurel Trailwood, 
Laurel Woodcrest, 
Leesville Asbury, 
Leesville Barton, 
Leesville Bridge, 
Leesville Church, 
Leesville Forest, 
Leesville Hollow, 
Leesville Pointe, 
Leesville Square, 
Leesville Street, 
Leesville Valley, 
Longview Country, 
Longview Estates, 
Longview Gardens, 
Longview Heights, 
Longview Meadows, 
Longview Oakwood, 
Longview Umstead, 
Longview Village, 
Longview Wheeler, 
Madonna Avalaire, 
Madonna Carolina, 
Madonna District, 
Madonna Hi-Mount, 
Madonna Lakemont, 
Madonna Medfield, 
Madonna Parkland, 
Madonna Skycrest, 
Madonna Westlake, 
Madonna Westover, 
Maiden Crossgate, 
Maiden Hedingham, 
Maiden Leesville, 
Maiden Pinecrest, 
Maiden Tealbriar, 
Maiden Trailwood, 
Maiden Woodcrest, 
Manchester Acres, 
Manchester Brook, 
Manchester Creek, 
Manchester Grove, 
Manchester Haven, 
Manchester Hills, 
Manchester Mount, 
Manchester North, 
Manchester Pines, 
Manchester Place, 
Manchester Ridge, 
Manchester River, 
Manchester South, 
Manchester Trail, 
Manchester Woods, 
Medfield Country, 
Medfield Estates, 
Medfield Gardens, 
Medfield Heights, 
Medfield Meadows, 
Medfield Oakwood, 
Medfield Umstead, 
Medfield Village, 
Medfield Wheeler, 
Millbrook Asbury, 
Millbrook Barton, 
Millbrook Bridge, 
Millbrook Church, 
Millbrook Forest, 
Millbrook Hollow, 
Millbrook Pointe, 
Millbrook Square, 
Millbrook Street, 
Millbrook Valley, 
Moore Government, 
Moore Manchester, 
Moore Plantation, 
Moore Stonehenge, 
Moore Thorpshire, 
Moore Timberlake, 
Moore Tysonville, 
Mordecai Country, 
Mordecai Estates, 
Mordecai Gardens, 
Mordecai Heights, 
Mordecai Meadows, 
Mordecai Oakwood, 
Mordecai Umstead, 
Mordecai Village, 
Mordecai Wheeler, 
North Government, 
North Manchester, 
North Plantation, 
North Stonehenge, 
North Thorpshire, 
North Timberlake, 
North Tysonville, 
Olde Stonebridge, 
Olde Summerfield, 
Parkland Country, 
Parkland Estates, 
Parkland Gardens, 
Parkland Heights, 
Parkland Meadows, 
Parkland Oakwood, 
Parkland Umstead, 
Parkland Village, 
Parkland Wheeler, 
Pinecrest Asbury, 
Pinecrest Barton, 
Pinecrest Bridge, 
Pinecrest Church, 
Pinecrest Forest, 
Pinecrest Hollow, 
Pinecrest Pointe, 
Pinecrest Square, 
Pinecrest Street, 
Pinecrest Valley, 
Quail Government, 
Quail Manchester, 
Quail Plantation, 
Quail Stonehenge, 
Quail Thorpshire, 
Quail Timberlake, 
Quail Tysonville, 
Raleigh Avalaire, 
Raleigh Carolina, 
Raleigh District, 
Raleigh Hi-Mount, 
Raleigh Lakemont, 
Raleigh Medfield, 
Raleigh Parkland, 
Raleigh Skycrest, 
Raleigh Westlake, 
Raleigh Westover, 
Renaissance Club, 
Renaissance Gate, 
Renaissance Hall, 
Renaissance Hope, 
Renaissance Lake, 
Renaissance Lane, 
Renaissance Mill, 
Renaissance Park, 
Renaissance Tree, 
Renaissance West, 
Roanoke Avalaire, 
Roanoke Carolina, 
Roanoke District, 
Roanoke Hi-Mount, 
Roanoke Lakemont, 
Roanoke Medfield, 
Roanoke Parkland, 
Roanoke Skycrest, 
Roanoke Westlake, 
Roanoke Westover, 
Rochester Asbury, 
Rochester Barton, 
Rochester Bridge, 
Rochester Church, 
Rochester Forest, 
Rochester Hollow, 
Rochester Pointe, 
Rochester Square, 
Rochester Street, 
Rochester Valley, 
Skycrest Country, 
Skycrest Estates, 
Skycrest Gardens, 
Skycrest Heights, 
Skycrest Meadows, 
Skycrest Oakwood, 
Skycrest Umstead, 
Skycrest Village, 
Skycrest Wheeler, 
South Government, 
South Manchester, 
South Plantation, 
South Stonehenge, 
South Thorpshire, 
South Timberlake, 
South Tysonville, 
State Government, 
State Manchester, 
State Plantation, 
State Stonehenge, 
State Thorpshire, 
State Timberlake, 
State Tysonville, 
Stonebridge Club, 
Stonebridge Gate, 
Stonebridge Hall, 
Stonebridge Hope, 
Stonebridge Lake, 
Stonebridge Lane, 
Stonebridge Mill, 
Stonebridge Park, 
Stonebridge Tree, 
Stonebridge West, 
Stonehenge Acres, 
Stonehenge Brook, 
Stonehenge Creek, 
Stonehenge Grove, 
Stonehenge Haven, 
Stonehenge Hills, 
Stonehenge Mount, 
Stonehenge North, 
Stonehenge Pines, 
Stonehenge Place, 
Stonehenge Ridge, 
Stonehenge River, 
Stonehenge South, 
Stonehenge Trail, 
Stonehenge Woods, 
Summerfield Club, 
Summerfield Gate, 
Summerfield Hall, 
Summerfield Hope, 
Summerfield Lake, 
Summerfield Lane, 
Summerfield Mill, 
Summerfield Park, 
Summerfield Tree, 
Summerfield West, 
Summit Crossgate, 
Summit Hedingham, 
Summit Leesville, 
Summit Pinecrest, 
Summit Tealbriar, 
Summit Trailwood, 
Summit Woodcrest, 
Swift Government, 
Swift Manchester, 
Swift Plantation, 
Swift Stonehenge, 
Swift Thorpshire, 
Swift Timberlake, 
Swift Tysonville, 
Tadlock Avalaire, 
Tadlock Carolina, 
Tadlock District, 
Tadlock Hi-Mount, 
Tadlock Lakemont, 
Tadlock Medfield, 
Tadlock Parkland, 
Tadlock Skycrest, 
Tadlock Westlake, 
Tadlock Westover, 
Tealbriar Asbury, 
Tealbriar Barton, 
Tealbriar Bridge, 
Tealbriar Church, 
Tealbriar Forest, 
Tealbriar Hollow, 
Tealbriar Pointe, 
Tealbriar Square, 
Tealbriar Street, 
Tealbriar Valley, 
Thorpshire Acres, 
Thorpshire Brook, 
Thorpshire Creek, 
Thorpshire Grove, 
Thorpshire Haven, 
Thorpshire Hills, 
Thorpshire Mount, 
Thorpshire North, 
Thorpshire Pines, 
Thorpshire Place, 
Thorpshire Ridge, 
Thorpshire River, 
Thorpshire South, 
Thorpshire Trail, 
Thorpshire Woods, 
Timberlake Acres, 
Timberlake Brook, 
Timberlake Creek, 
Timberlake Grove, 
Timberlake Haven, 
Timberlake Hills, 
Timberlake Mount, 
Timberlake North, 
Timberlake Pines, 
Timberlake Place, 
Timberlake Ridge, 
Timberlake River, 
Timberlake South, 
Timberlake Trail, 
Timberlake Woods, 
Trailwood Asbury, 
Trailwood Barton, 
Trailwood Bridge, 
Trailwood Church, 
Trailwood Forest, 
Trailwood Hollow, 
Trailwood Pointe, 
Trailwood Square, 
Trailwood Street, 
Trailwood Valley, 
Trinity Avalaire, 
Trinity Carolina, 
Trinity District, 
Trinity Hi-Mount, 
Trinity Lakemont, 
Trinity Medfield, 
Trinity Parkland, 
Trinity Skycrest, 
Trinity Westlake, 
Trinity Westover, 
Tysonville Acres, 
Tysonville Brook, 
Tysonville Creek, 
Tysonville Grove, 
Tysonville Haven, 
Tysonville Hills, 
Tysonville Mount, 
Tysonville North, 
Tysonville Pines, 
Tysonville Place, 
Tysonville Ridge, 
Tysonville River, 
Tysonville South, 
Tysonville Trail, 
Tysonville Woods, 
Umstead Avalaire, 
Umstead Carolina, 
Umstead District, 
Umstead Hi-Mount, 
Umstead Lakemont, 
Umstead Medfield, 
Umstead Parkland, 
Umstead Skycrest, 
Umstead Westlake, 
Umstead Westover, 
University Acres, 
University Brook, 
University Creek, 
University Grove, 
University Haven, 
University Hills, 
University Mount, 
University North, 
University Pines, 
University Place, 
University Ridge, 
University River, 
University South, 
University Trail, 
University Woods, 
Vanguard Country, 
Vanguard Estates, 
Vanguard Gardens, 
Vanguard Heights, 
Vanguard Meadows, 
Vanguard Oakwood, 
Vanguard Umstead, 
Vanguard Village, 
Vanguard Wheeler, 
Victoria Country, 
Victoria Estates, 
Victoria Gardens, 
Victoria Heights, 
Victoria Meadows, 
Victoria Oakwood, 
Victoria Umstead, 
Victoria Village, 
Victoria Wheeler, 
Village Avalaire, 
Village Carolina, 
Village District, 
Village Hi-Mount, 
Village Lakemont, 
Village Medfield, 
Village Parkland, 
Village Skycrest, 
Village Westlake, 
Village Westover, 
Wakefield Asbury, 
Wakefield Barton, 
Wakefield Bridge, 
Wakefield Church, 
Wakefield Forest, 
Wakefield Hollow, 
Wakefield Pointe, 
Wakefield Square, 
Wakefield Street, 
Wakefield Valley, 
Walnut Crossgate, 
Walnut Hedingham, 
Walnut Leesville, 
Walnut Pinecrest, 
Walnut Tealbriar, 
Walnut Trailwood, 
Walnut Woodcrest, 
Warehouse Asbury, 
Warehouse Barton, 
Warehouse Bridge, 
Warehouse Church, 
Warehouse Forest, 
Warehouse Hollow, 
Warehouse Pointe, 
Warehouse Square, 
Warehouse Street, 
Warehouse Valley, 
Wayland Avalaire, 
Wayland Carolina, 
Wayland District, 
Wayland Hi-Mount, 
Wayland Lakemont, 
Wayland Medfield, 
Wayland Parkland, 
Wayland Skycrest, 
Wayland Westlake, 
Wayland Westover, 
West Stonebridge, 
West Summerfield, 
Westlake Country, 
Westlake Estates, 
Westlake Gardens, 
Westlake Heights, 
Westlake Meadows, 
Westlake Oakwood, 
Westlake Umstead, 
Westlake Village, 
Westlake Wheeler, 
Westover Country, 
Westover Estates, 
Westover Gardens, 
Westover Heights, 
Westover Meadows, 
Westover Oakwood, 
Westover Umstead, 
Westover Village, 
Westover Wheeler, 
Wilder's Asbury, 
Wilder's Barton, 
Wilder's Bridge, 
Wilder's Church, 
Wilder's Forest, 
Wilder's Hollow, 
Wilder's Pointe, 
Wilder's Square, 
Wilder's Street, 
Wilder's Valley, 
Wood Stonebridge, 
Wood Summerfield, 
Woodcrest Asbury, 
Woodcrest Barton, 
Woodcrest Bridge, 
Woodcrest Church, 
Woodcrest Forest, 
Woodcrest Hollow, 
Woodcrest Pointe, 
Woodcrest Square, 
Woodcrest Street, 
Woodcrest Valley, 
Anderson Avalaire, 
Anderson Carolina, 
Anderson District, 
Anderson Hi-Mount, 
Anderson Lakemont, 
Anderson Medfield, 
Anderson Parkland, 
Anderson Skycrest, 
Anderson Westlake, 
Anderson Westover, 
Asbury Government, 
Asbury Manchester, 
Asbury Plantation, 
Asbury Stonehenge, 
Asbury Thorpshire, 
Asbury Timberlake, 
Asbury Tysonville, 
Avalaire Avalaire, 
Avalaire Carolina, 
Avalaire District, 
Avalaire Hi-Mount, 
Avalaire Lakemont, 
Avalaire Medfield, 
Avalaire Parkland, 
Avalaire Skycrest, 
Avalaire Westlake, 
Avalaire Westover, 
Avent Stonebridge, 
Avent Summerfield, 
Battery Crossgate, 
Battery Hedingham, 
Battery Leesville, 
Battery Pinecrest, 
Battery Tealbriar, 
Battery Trailwood, 
Battery Woodcrest, 
Belvidere Country, 
Belvidere Estates, 
Belvidere Gardens, 
Belvidere Heights, 
Belvidere Meadows, 
Belvidere Oakwood, 
Belvidere Umstead, 
Belvidere Village, 
Belvidere Wheeler, 
Biltmore Avalaire, 
Biltmore Carolina, 
Biltmore District, 
Biltmore Hi-Mount, 
Biltmore Lakemont, 
Biltmore Medfield, 
Biltmore Parkland, 
Biltmore Skycrest, 
Biltmore Westlake, 
Biltmore Westover, 
Boylan Government, 
Boylan Manchester, 
Boylan Plantation, 
Boylan Stonehenge, 
Boylan Thorpshire, 
Boylan Timberlake, 
Boylan Tysonville, 
Brandywine Asbury, 
Brandywine Barton, 
Brandywine Bridge, 
Brandywine Church, 
Brandywine Forest, 
Brandywine Hollow, 
Brandywine Pointe, 
Brandywine Square, 
Brandywine Street, 
Brandywine Valley, 
Brentwood Country, 
Brentwood Estates, 
Brentwood Gardens, 
Brentwood Heights, 
Brentwood Meadows, 
Brentwood Oakwood, 
Brentwood Umstead, 
Brentwood Village, 
Brentwood Wheeler, 
Brier Stonebridge, 
Brier Summerfield, 
Cameron Crossgate, 
Cameron Hedingham, 
Cameron Leesville, 
Cameron Pinecrest, 
Cameron Tealbriar, 
Cameron Trailwood, 
Cameron Woodcrest, 
Capitol Crossgate, 
Capitol Hedingham, 
Capitol Leesville, 
Capitol Pinecrest, 
Capitol Tealbriar, 
Capitol Trailwood, 
Capitol Woodcrest, 
Carolina Avalaire, 
Carolina Carolina, 
Carolina District, 
Carolina Hi-Mount, 
Carolina Lakemont, 
Carolina Medfield, 
Carolina Parkland, 
Carolina Skycrest, 
Carolina Westlake, 
Carolina Westover, 
Coachmans Country, 
Coachmans Estates, 
Coachmans Gardens, 
Coachmans Heights, 
Coachmans Meadows, 
Coachmans Oakwood, 
Coachmans Umstead, 
Coachmans Village, 
Coachmans Wheeler, 
Coley Stonebridge, 
Coley Summerfield, 
Country Crossgate, 
Country Hedingham, 
Country Leesville, 
Country Pinecrest, 
Country Tealbriar, 
Country Trailwood, 
Country Woodcrest, 
Crabtree Avalaire, 
Crabtree Carolina, 
Crabtree District, 
Crabtree Hi-Mount, 
Crabtree Lakemont, 
Crabtree Medfield, 
Crabtree Parkland, 
Crabtree Skycrest, 
Crabtree Westlake, 
Crabtree Westover, 
Crossgate Country, 
Crossgate Estates, 
Crossgate Gardens, 
Crossgate Heights, 
Crossgate Meadows, 
Crossgate Oakwood, 
Crossgate Umstead, 
Crossgate Village, 
Crossgate Wheeler, 
Depot Stonebridge, 
Depot Summerfield, 
Dominion Avalaire, 
Dominion Carolina, 
Dominion District, 
Dominion Hi-Mount, 
Dominion Lakemont, 
Dominion Medfield, 
Dominion Parkland, 
Dominion Skycrest, 
Dominion Westlake, 
Dominion Westover, 
Drewry Government, 
Drewry Manchester, 
Drewry Plantation, 
Drewry Stonehenge, 
Drewry Thorpshire, 
Drewry Timberlake, 
Drewry Tysonville, 
Durant Government, 
Durant Manchester, 
Durant Plantation, 
Durant Stonehenge, 
Durant Thorpshire, 
Durant Timberlake, 
Durant Tysonville, 
Fairfax Crossgate, 
Fairfax Hedingham, 
Fairfax Leesville, 
Fairfax Pinecrest, 
Fairfax Tealbriar, 
Fairfax Trailwood, 
Fairfax Woodcrest, 
Falls Stonebridge, 
Falls Summerfield, 
Fayetteville Club, 
Fayetteville Gate, 
Fayetteville Hall, 
Fayetteville Hope, 
Fayetteville Lake, 
Fayetteville Lane, 
Fayetteville Mill, 
Fayetteville Park, 
Fayetteville Tree, 
Fayetteville West, 
Glenwood Avalaire, 
Glenwood Carolina, 
Glenwood District, 
Glenwood Hi-Mount, 
Glenwood Lakemont, 
Glenwood Medfield, 
Glenwood Parkland, 
Glenwood Skycrest, 
Glenwood Westlake, 
Glenwood Westover, 
Hayes Stonebridge, 
Hayes Summerfield, 
Hedingham Country, 
Hedingham Estates, 
Hedingham Gardens, 
Hedingham Heights, 
Hedingham Meadows, 
Hedingham Oakwood, 
Hedingham Umstead, 
Hedingham Village, 
Hedingham Wheeler, 
Hi-Mount Avalaire, 
Hi-Mount Carolina, 
Hi-Mount District, 
Hi-Mount Hi-Mount, 
Hi-Mount Lakemont, 
Hi-Mount Medfield, 
Hi-Mount Parkland, 
Hi-Mount Skycrest, 
Hi-Mount Westlake, 
Hi-Mount Westover, 
Hickory Crossgate, 
Hickory Hedingham, 
Hickory Leesville, 
Hickory Pinecrest, 
Hickory Tealbriar, 
Hickory Trailwood, 
Hickory Woodcrest, 
Historic Avalaire, 
Historic Carolina, 
Historic District, 
Historic Hi-Mount, 
Historic Lakemont, 
Historic Medfield, 
Historic Parkland, 
Historic Skycrest, 
Historic Westlake, 
Historic Westover, 
Lakemont Avalaire, 
Lakemont Carolina, 
Lakemont District, 
Lakemont Hi-Mount, 
Lakemont Lakemont, 
Lakemont Medfield, 
Lakemont Parkland, 
Lakemont Skycrest, 
Lakemont Westlake, 
Lakemont Westover, 
Laurel Government, 
Laurel Manchester, 
Laurel Plantation, 
Laurel Stonehenge, 
Laurel Thorpshire, 
Laurel Timberlake, 
Laurel Tysonville, 
Leesville Country, 
Leesville Estates, 
Leesville Gardens, 
Leesville Heights, 
Leesville Meadows, 
Leesville Oakwood, 
Leesville Umstead, 
Leesville Village, 
Leesville Wheeler, 
Longview Avalaire, 
Longview Carolina, 
Longview District, 
Longview Hi-Mount, 
Longview Lakemont, 
Longview Medfield, 
Longview Parkland, 
Longview Skycrest, 
Longview Westlake, 
Longview Westover, 
Madonna Crossgate, 
Madonna Hedingham, 
Madonna Leesville, 
Madonna Pinecrest, 
Madonna Tealbriar, 
Madonna Trailwood, 
Madonna Woodcrest, 
Maiden Government, 
Maiden Manchester, 
Maiden Plantation, 
Maiden Stonehenge, 
Maiden Thorpshire, 
Maiden Timberlake, 
Maiden Tysonville, 
Manchester Asbury, 
Manchester Barton, 
Manchester Bridge, 
Manchester Church, 
Manchester Forest, 
Manchester Hollow, 
Manchester Pointe, 
Manchester Square, 
Manchester Street, 
Manchester Valley, 
Medfield Avalaire, 
Medfield Carolina, 
Medfield District, 
Medfield Hi-Mount, 
Medfield Lakemont, 
Medfield Medfield, 
Medfield Parkland, 
Medfield Skycrest, 
Medfield Westlake, 
Medfield Westover, 
Millbrook Country, 
Millbrook Estates, 
Millbrook Gardens, 
Millbrook Heights, 
Millbrook Meadows, 
Millbrook Oakwood, 
Millbrook Umstead, 
Millbrook Village, 
Millbrook Wheeler, 
Moore Stonebridge, 
Moore Summerfield, 
Mordecai Avalaire, 
Mordecai Carolina, 
Mordecai District, 
Mordecai Hi-Mount, 
Mordecai Lakemont, 
Mordecai Medfield, 
Mordecai Parkland, 
Mordecai Skycrest, 
Mordecai Westlake, 
Mordecai Westover, 
North Stonebridge, 
North Summerfield, 
Parkland Avalaire, 
Parkland Carolina, 
Parkland District, 
Parkland Hi-Mount, 
Parkland Lakemont, 
Parkland Medfield, 
Parkland Parkland, 
Parkland Skycrest, 
Parkland Westlake, 
Parkland Westover, 
Pinecrest Country, 
Pinecrest Estates, 
Pinecrest Gardens, 
Pinecrest Heights, 
Pinecrest Meadows, 
Pinecrest Oakwood, 
Pinecrest Umstead, 
Pinecrest Village, 
Pinecrest Wheeler, 
Quail Stonebridge, 
Quail Summerfield, 
Raleigh Crossgate, 
Raleigh Hedingham, 
Raleigh Leesville, 
Raleigh Pinecrest, 
Raleigh Tealbriar, 
Raleigh Trailwood, 
Raleigh Woodcrest, 
Renaissance Acres, 
Renaissance Brook, 
Renaissance Creek, 
Renaissance Grove, 
Renaissance Haven, 
Renaissance Hills, 
Renaissance Mount, 
Renaissance North, 
Renaissance Pines, 
Renaissance Place, 
Renaissance Ridge, 
Renaissance River, 
Renaissance South, 
Renaissance Trail, 
Renaissance Woods, 
Roanoke Crossgate, 
Roanoke Hedingham, 
Roanoke Leesville, 
Roanoke Pinecrest, 
Roanoke Tealbriar, 
Roanoke Trailwood, 
Roanoke Woodcrest, 
Rochester Country, 
Rochester Estates, 
Rochester Gardens, 
Rochester Heights, 
Rochester Meadows, 
Rochester Oakwood, 
Rochester Umstead, 
Rochester Village, 
Rochester Wheeler, 
Skycrest Avalaire, 
Skycrest Carolina, 
Skycrest District, 
Skycrest Hi-Mount, 
Skycrest Lakemont, 
Skycrest Medfield, 
Skycrest Parkland, 
Skycrest Skycrest, 
Skycrest Westlake, 
Skycrest Westover, 
South Stonebridge, 
South Summerfield, 
State Stonebridge, 
State Summerfield, 
Stonebridge Acres, 
Stonebridge Brook, 
Stonebridge Creek, 
Stonebridge Grove, 
Stonebridge Haven, 
Stonebridge Hills, 
Stonebridge Mount, 
Stonebridge North, 
Stonebridge Pines, 
Stonebridge Place, 
Stonebridge Ridge, 
Stonebridge River, 
Stonebridge South, 
Stonebridge Trail, 
Stonebridge Woods, 
Stonehenge Asbury, 
Stonehenge Barton, 
Stonehenge Bridge, 
Stonehenge Church, 
Stonehenge Forest, 
Stonehenge Hollow, 
Stonehenge Pointe, 
Stonehenge Square, 
Stonehenge Street, 
Stonehenge Valley, 
Summerfield Acres, 
Summerfield Brook, 
Summerfield Creek, 
Summerfield Grove, 
Summerfield Haven, 
Summerfield Hills, 
Summerfield Mount, 
Summerfield North, 
Summerfield Pines, 
Summerfield Place, 
Summerfield Ridge, 
Summerfield River, 
Summerfield South, 
Summerfield Trail, 
Summerfield Woods, 
Summit Government, 
Summit Manchester, 
Summit Plantation, 
Summit Stonehenge, 
Summit Thorpshire, 
Summit Timberlake, 
Summit Tysonville, 
Swift Stonebridge, 
Swift Summerfield, 
Tadlock Crossgate, 
Tadlock Hedingham, 
Tadlock Leesville, 
Tadlock Pinecrest, 
Tadlock Tealbriar, 
Tadlock Trailwood, 
Tadlock Woodcrest, 
Tealbriar Country, 
Tealbriar Estates, 
Tealbriar Gardens, 
Tealbriar Heights, 
Tealbriar Meadows, 
Tealbriar Oakwood, 
Tealbriar Umstead, 
Tealbriar Village, 
Tealbriar Wheeler, 
Thorpshire Asbury, 
Thorpshire Barton, 
Thorpshire Bridge, 
Thorpshire Church, 
Thorpshire Forest, 
Thorpshire Hollow, 
Thorpshire Pointe, 
Thorpshire Square, 
Thorpshire Street, 
Thorpshire Valley, 
Timberlake Asbury, 
Timberlake Barton, 
Timberlake Bridge, 
Timberlake Church, 
Timberlake Forest, 
Timberlake Hollow, 
Timberlake Pointe, 
Timberlake Square, 
Timberlake Street, 
Timberlake Valley, 
Trailwood Country, 
Trailwood Estates, 
Trailwood Gardens, 
Trailwood Heights, 
Trailwood Meadows, 
Trailwood Oakwood, 
Trailwood Umstead, 
Trailwood Village, 
Trailwood Wheeler, 
Trinity Crossgate, 
Trinity Hedingham, 
Trinity Leesville, 
Trinity Pinecrest, 
Trinity Tealbriar, 
Trinity Trailwood, 
Trinity Woodcrest, 
Tysonville Asbury, 
Tysonville Barton, 
Tysonville Bridge, 
Tysonville Church, 
Tysonville Forest, 
Tysonville Hollow, 
Tysonville Pointe, 
Tysonville Square, 
Tysonville Street, 
Tysonville Valley, 
Umstead Crossgate, 
Umstead Hedingham, 
Umstead Leesville, 
Umstead Pinecrest, 
Umstead Tealbriar, 
Umstead Trailwood, 
Umstead Woodcrest, 
University Asbury, 
University Barton, 
University Bridge, 
University Church, 
University Forest, 
University Hollow, 
University Pointe, 
University Square, 
University Street, 
University Valley, 
Vanguard Avalaire, 
Vanguard Carolina, 
Vanguard District, 
Vanguard Hi-Mount, 
Vanguard Lakemont, 
Vanguard Medfield, 
Vanguard Parkland, 
Vanguard Skycrest, 
Vanguard Westlake, 
Vanguard Westover, 
Victoria Avalaire, 
Victoria Carolina, 
Victoria District, 
Victoria Hi-Mount, 
Victoria Lakemont, 
Victoria Medfield, 
Victoria Parkland, 
Victoria Skycrest, 
Victoria Westlake, 
Victoria Westover, 
Village Crossgate, 
Village Hedingham, 
Village Leesville, 
Village Pinecrest, 
Village Tealbriar, 
Village Trailwood, 
Village Woodcrest, 
Wakefield Country, 
Wakefield Estates, 
Wakefield Gardens, 
Wakefield Heights, 
Wakefield Meadows, 
Wakefield Oakwood, 
Wakefield Umstead, 
Wakefield Village, 
Wakefield Wheeler, 
Walnut Government, 
Walnut Manchester, 
Walnut Plantation, 
Walnut Stonehenge, 
Walnut Thorpshire, 
Walnut Timberlake, 
Walnut Tysonville, 
Warehouse Country, 
Warehouse Estates, 
Warehouse Gardens, 
Warehouse Heights, 
Warehouse Meadows, 
Warehouse Oakwood, 
Warehouse Umstead, 
Warehouse Village, 
Warehouse Wheeler, 
Wayland Crossgate, 
Wayland Hedingham, 
Wayland Leesville, 
Wayland Pinecrest, 
Wayland Tealbriar, 
Wayland Trailwood, 
Wayland Woodcrest, 
Westlake Avalaire, 
Westlake Carolina, 
Westlake District, 
Westlake Hi-Mount, 
Westlake Lakemont, 
Westlake Medfield, 
Westlake Parkland, 
Westlake Skycrest, 
Westlake Westlake, 
Westlake Westover, 
Westover Avalaire, 
Westover Carolina, 
Westover District, 
Westover Hi-Mount, 
Westover Lakemont, 
Westover Medfield, 
Westover Parkland, 
Westover Skycrest, 
Westover Westlake, 
Westover Westover, 
Wilder's Country, 
Wilder's Estates, 
Wilder's Gardens, 
Wilder's Heights, 
Wilder's Meadows, 
Wilder's Oakwood, 
Wilder's Umstead, 
Wilder's Village, 
Wilder's Wheeler, 
Woodcrest Country, 
Woodcrest Estates, 
Woodcrest Gardens, 
Woodcrest Heights, 
Woodcrest Meadows, 
Woodcrest Oakwood, 
Woodcrest Umstead, 
Woodcrest Village, 
Woodcrest Wheeler, 
Anderson Crossgate, 
Anderson Hedingham, 
Anderson Leesville, 
Anderson Pinecrest, 
Anderson Tealbriar, 
Anderson Trailwood, 
Anderson Woodcrest, 
Asbury Stonebridge, 
Asbury Summerfield, 
Avalaire Crossgate, 
Avalaire Hedingham, 
Avalaire Leesville, 
Avalaire Pinecrest, 
Avalaire Tealbriar, 
Avalaire Trailwood, 
Avalaire Woodcrest, 
Battery Government, 
Battery Manchester, 
Battery Plantation, 
Battery Stonehenge, 
Battery Thorpshire, 
Battery Timberlake, 
Battery Tysonville, 
Belvidere Avalaire, 
Belvidere Carolina, 
Belvidere District, 
Belvidere Hi-Mount, 
Belvidere Lakemont, 
Belvidere Medfield, 
Belvidere Parkland, 
Belvidere Skycrest, 
Belvidere Westlake, 
Belvidere Westover, 
Biltmore Crossgate, 
Biltmore Hedingham, 
Biltmore Leesville, 
Biltmore Pinecrest, 
Biltmore Tealbriar, 
Biltmore Trailwood, 
Biltmore Woodcrest, 
Boylan Stonebridge, 
Boylan Summerfield, 
Brandywine Country, 
Brandywine Estates, 
Brandywine Gardens, 
Brandywine Heights, 
Brandywine Meadows, 
Brandywine Oakwood, 
Brandywine Umstead, 
Brandywine Village, 
Brandywine Wheeler, 
Brentwood Avalaire, 
Brentwood Carolina, 
Brentwood District, 
Brentwood Hi-Mount, 
Brentwood Lakemont, 
Brentwood Medfield, 
Brentwood Parkland, 
Brentwood Skycrest, 
Brentwood Westlake, 
Brentwood Westover, 
Cameron Government, 
Cameron Manchester, 
Cameron Plantation, 
Cameron Stonehenge, 
Cameron Thorpshire, 
Cameron Timberlake, 
Cameron Tysonville, 
Capitol Government, 
Capitol Manchester, 
Capitol Plantation, 
Capitol Stonehenge, 
Capitol Thorpshire, 
Capitol Timberlake, 
Capitol Tysonville, 
Carolina Crossgate, 
Carolina Hedingham, 
Carolina Leesville, 
Carolina Pinecrest, 
Carolina Tealbriar, 
Carolina Trailwood, 
Carolina Woodcrest, 
Coachmans Avalaire, 
Coachmans Carolina, 
Coachmans District, 
Coachmans Hi-Mount, 
Coachmans Lakemont, 
Coachmans Medfield, 
Coachmans Parkland, 
Coachmans Skycrest, 
Coachmans Westlake, 
Coachmans Westover, 
Country Government, 
Country Manchester, 
Country Plantation, 
Country Stonehenge, 
Country Thorpshire, 
Country Timberlake, 
Country Tysonville, 
Crabtree Crossgate, 
Crabtree Hedingham, 
Crabtree Leesville, 
Crabtree Pinecrest, 
Crabtree Tealbriar, 
Crabtree Trailwood, 
Crabtree Woodcrest, 
Crossgate Avalaire, 
Crossgate Carolina, 
Crossgate District, 
Crossgate Hi-Mount, 
Crossgate Lakemont, 
Crossgate Medfield, 
Crossgate Parkland, 
Crossgate Skycrest, 
Crossgate Westlake, 
Crossgate Westover, 
Dominion Crossgate, 
Dominion Hedingham, 
Dominion Leesville, 
Dominion Pinecrest, 
Dominion Tealbriar, 
Dominion Trailwood, 
Dominion Woodcrest, 
Drewry Stonebridge, 
Drewry Summerfield, 
Durant Stonebridge, 
Durant Summerfield, 
Fairfax Government, 
Fairfax Manchester, 
Fairfax Plantation, 
Fairfax Stonehenge, 
Fairfax Thorpshire, 
Fairfax Timberlake, 
Fairfax Tysonville, 
Fayetteville Acres, 
Fayetteville Brook, 
Fayetteville Creek, 
Fayetteville Grove, 
Fayetteville Haven, 
Fayetteville Hills, 
Fayetteville Mount, 
Fayetteville North, 
Fayetteville Pines, 
Fayetteville Place, 
Fayetteville Ridge, 
Fayetteville River, 
Fayetteville South, 
Fayetteville Trail, 
Fayetteville Woods, 
Glenwood Crossgate, 
Glenwood Hedingham, 
Glenwood Leesville, 
Glenwood Pinecrest, 
Glenwood Tealbriar, 
Glenwood Trailwood, 
Glenwood Woodcrest, 
Hedingham Avalaire, 
Hedingham Carolina, 
Hedingham District, 
Hedingham Hi-Mount, 
Hedingham Lakemont, 
Hedingham Medfield, 
Hedingham Parkland, 
Hedingham Skycrest, 
Hedingham Westlake, 
Hedingham Westover, 
Hi-Mount Crossgate, 
Hi-Mount Hedingham, 
Hi-Mount Leesville, 
Hi-Mount Pinecrest, 
Hi-Mount Tealbriar, 
Hi-Mount Trailwood, 
Hi-Mount Woodcrest, 
Hickory Government, 
Hickory Manchester, 
Hickory Plantation, 
Hickory Stonehenge, 
Hickory Thorpshire, 
Hickory Timberlake, 
Hickory Tysonville, 
Historic Crossgate, 
Historic Hedingham, 
Historic Leesville, 
Historic Pinecrest, 
Historic Tealbriar, 
Historic Trailwood, 
Historic Woodcrest, 
Lakemont Crossgate, 
Lakemont Hedingham, 
Lakemont Leesville, 
Lakemont Pinecrest, 
Lakemont Tealbriar, 
Lakemont Trailwood, 
Lakemont Woodcrest, 
Laurel Stonebridge, 
Laurel Summerfield, 
Leesville Avalaire, 
Leesville Carolina, 
Leesville District, 
Leesville Hi-Mount, 
Leesville Lakemont, 
Leesville Medfield, 
Leesville Parkland, 
Leesville Skycrest, 
Leesville Westlake, 
Leesville Westover, 
Longview Crossgate, 
Longview Hedingham, 
Longview Leesville, 
Longview Pinecrest, 
Longview Tealbriar, 
Longview Trailwood, 
Longview Woodcrest, 
Madonna Government, 
Madonna Manchester, 
Madonna Plantation, 
Madonna Stonehenge, 
Madonna Thorpshire, 
Madonna Timberlake, 
Madonna Tysonville, 
Maiden Stonebridge, 
Maiden Summerfield, 
Manchester Country, 
Manchester Estates, 
Manchester Gardens, 
Manchester Heights, 
Manchester Meadows, 
Manchester Oakwood, 
Manchester Umstead, 
Manchester Village, 
Manchester Wheeler, 
Medfield Crossgate, 
Medfield Hedingham, 
Medfield Leesville, 
Medfield Pinecrest, 
Medfield Tealbriar, 
Medfield Trailwood, 
Medfield Woodcrest, 
Millbrook Avalaire, 
Millbrook Carolina, 
Millbrook District, 
Millbrook Hi-Mount, 
Millbrook Lakemont, 
Millbrook Medfield, 
Millbrook Parkland, 
Millbrook Skycrest, 
Millbrook Westlake, 
Millbrook Westover, 
Mordecai Crossgate, 
Mordecai Hedingham, 
Mordecai Leesville, 
Mordecai Pinecrest, 
Mordecai Tealbriar, 
Mordecai Trailwood, 
Mordecai Woodcrest, 
Parkland Crossgate, 
Parkland Hedingham, 
Parkland Leesville, 
Parkland Pinecrest, 
Parkland Tealbriar, 
Parkland Trailwood, 
Parkland Woodcrest, 
Pinecrest Avalaire, 
Pinecrest Carolina, 
Pinecrest District, 
Pinecrest Hi-Mount, 
Pinecrest Lakemont, 
Pinecrest Medfield, 
Pinecrest Parkland, 
Pinecrest Skycrest, 
Pinecrest Westlake, 
Pinecrest Westover, 
Raleigh Government, 
Raleigh Manchester, 
Raleigh Plantation, 
Raleigh Stonehenge, 
Raleigh Thorpshire, 
Raleigh Timberlake, 
Raleigh Tysonville, 
Renaissance Asbury, 
Renaissance Barton, 
Renaissance Bridge, 
Renaissance Church, 
Renaissance Forest, 
Renaissance Hollow, 
Renaissance Pointe, 
Renaissance Square, 
Renaissance Street, 
Renaissance Valley, 
Roanoke Government, 
Roanoke Manchester, 
Roanoke Plantation, 
Roanoke Stonehenge, 
Roanoke Thorpshire, 
Roanoke Timberlake, 
Roanoke Tysonville, 
Rochester Avalaire, 
Rochester Carolina, 
Rochester District, 
Rochester Hi-Mount, 
Rochester Lakemont, 
Rochester Medfield, 
Rochester Parkland, 
Rochester Skycrest, 
Rochester Westlake, 
Rochester Westover, 
Skycrest Crossgate, 
Skycrest Hedingham, 
Skycrest Leesville, 
Skycrest Pinecrest, 
Skycrest Tealbriar, 
Skycrest Trailwood, 
Skycrest Woodcrest, 
Stonebridge Asbury, 
Stonebridge Barton, 
Stonebridge Bridge, 
Stonebridge Church, 
Stonebridge Forest, 
Stonebridge Hollow, 
Stonebridge Pointe, 
Stonebridge Square, 
Stonebridge Street, 
Stonebridge Valley, 
Stonehenge Country, 
Stonehenge Estates, 
Stonehenge Gardens, 
Stonehenge Heights, 
Stonehenge Meadows, 
Stonehenge Oakwood, 
Stonehenge Umstead, 
Stonehenge Village, 
Stonehenge Wheeler, 
Summerfield Asbury, 
Summerfield Barton, 
Summerfield Bridge, 
Summerfield Church, 
Summerfield Forest, 
Summerfield Hollow, 
Summerfield Pointe, 
Summerfield Square, 
Summerfield Street, 
Summerfield Valley, 
Summit Stonebridge, 
Summit Summerfield, 
Tadlock Government, 
Tadlock Manchester, 
Tadlock Plantation, 
Tadlock Stonehenge, 
Tadlock Thorpshire, 
Tadlock Timberlake, 
Tadlock Tysonville, 
Tealbriar Avalaire, 
Tealbriar Carolina, 
Tealbriar District, 
Tealbriar Hi-Mount, 
Tealbriar Lakemont, 
Tealbriar Medfield, 
Tealbriar Parkland, 
Tealbriar Skycrest, 
Tealbriar Westlake, 
Tealbriar Westover, 
Thorpshire Country, 
Thorpshire Estates, 
Thorpshire Gardens, 
Thorpshire Heights, 
Thorpshire Meadows, 
Thorpshire Oakwood, 
Thorpshire Umstead, 
Thorpshire Village, 
Thorpshire Wheeler, 
Timberlake Country, 
Timberlake Estates, 
Timberlake Gardens, 
Timberlake Heights, 
Timberlake Meadows, 
Timberlake Oakwood, 
Timberlake Umstead, 
Timberlake Village, 
Timberlake Wheeler, 
Trailwood Avalaire, 
Trailwood Carolina, 
Trailwood District, 
Trailwood Hi-Mount, 
Trailwood Lakemont, 
Trailwood Medfield, 
Trailwood Parkland, 
Trailwood Skycrest, 
Trailwood Westlake, 
Trailwood Westover, 
Trinity Government, 
Trinity Manchester, 
Trinity Plantation, 
Trinity Stonehenge, 
Trinity Thorpshire, 
Trinity Timberlake, 
Trinity Tysonville, 
Tysonville Country, 
Tysonville Estates, 
Tysonville Gardens, 
Tysonville Heights, 
Tysonville Meadows, 
Tysonville Oakwood, 
Tysonville Umstead, 
Tysonville Village, 
Tysonville Wheeler, 
Umstead Government, 
Umstead Manchester, 
Umstead Plantation, 
Umstead Stonehenge, 
Umstead Thorpshire, 
Umstead Timberlake, 
Umstead Tysonville, 
University Country, 
University Estates, 
University Gardens, 
University Heights, 
University Meadows, 
University Oakwood, 
University Umstead, 
University Village, 
University Wheeler, 
Vanguard Crossgate, 
Vanguard Hedingham, 
Vanguard Leesville, 
Vanguard Pinecrest, 
Vanguard Tealbriar, 
Vanguard Trailwood, 
Vanguard Woodcrest, 
Victoria Crossgate, 
Victoria Hedingham, 
Victoria Leesville, 
Victoria Pinecrest, 
Victoria Tealbriar, 
Victoria Trailwood, 
Victoria Woodcrest, 
Village Government, 
Village Manchester, 
Village Plantation, 
Village Stonehenge, 
Village Thorpshire, 
Village Timberlake, 
Village Tysonville, 
Wakefield Avalaire, 
Wakefield Carolina, 
Wakefield District, 
Wakefield Hi-Mount, 
Wakefield Lakemont, 
Wakefield Medfield, 
Wakefield Parkland, 
Wakefield Skycrest, 
Wakefield Westlake, 
Wakefield Westover, 
Walnut Stonebridge, 
Walnut Summerfield, 
Warehouse Avalaire, 
Warehouse Carolina, 
Warehouse District, 
Warehouse Hi-Mount, 
Warehouse Lakemont, 
Warehouse Medfield, 
Warehouse Parkland, 
Warehouse Skycrest, 
Warehouse Westlake, 
Warehouse Westover, 
Wayland Government, 
Wayland Manchester, 
Wayland Plantation, 
Wayland Stonehenge, 
Wayland Thorpshire, 
Wayland Timberlake, 
Wayland Tysonville, 
Westlake Crossgate, 
Westlake Hedingham, 
Westlake Leesville, 
Westlake Pinecrest, 
Westlake Tealbriar, 
Westlake Trailwood, 
Westlake Woodcrest, 
Westover Crossgate, 
Westover Hedingham, 
Westover Leesville, 
Westover Pinecrest, 
Westover Tealbriar, 
Westover Trailwood, 
Westover Woodcrest, 
Wilder's Avalaire, 
Wilder's Carolina, 
Wilder's District, 
Wilder's Hi-Mount, 
Wilder's Lakemont, 
Wilder's Medfield, 
Wilder's Parkland, 
Wilder's Skycrest, 
Wilder's Westlake, 
Wilder's Westover, 
Woodcrest Avalaire, 
Woodcrest Carolina, 
Woodcrest District, 
Woodcrest Hi-Mount, 
Woodcrest Lakemont, 
Woodcrest Medfield, 
Woodcrest Parkland, 
Woodcrest Skycrest, 
Woodcrest Westlake, 
Woodcrest Westover, 
Anderson Government, 
Anderson Manchester, 
Anderson Plantation, 
Anderson Stonehenge, 
Anderson Thorpshire, 
Anderson Timberlake, 
Anderson Tysonville, 
Avalaire Government, 
Avalaire Manchester, 
Avalaire Plantation, 
Avalaire Stonehenge, 
Avalaire Thorpshire, 
Avalaire Timberlake, 
Avalaire Tysonville, 
Battery Stonebridge, 
Battery Summerfield, 
Belvidere Crossgate, 
Belvidere Hedingham, 
Belvidere Leesville, 
Belvidere Pinecrest, 
Belvidere Tealbriar, 
Belvidere Trailwood, 
Belvidere Woodcrest, 
Biltmore Government, 
Biltmore Manchester, 
Biltmore Plantation, 
Biltmore Stonehenge, 
Biltmore Thorpshire, 
Biltmore Timberlake, 
Biltmore Tysonville, 
Brandywine Avalaire, 
Brandywine Carolina, 
Brandywine District, 
Brandywine Hi-Mount, 
Brandywine Lakemont, 
Brandywine Medfield, 
Brandywine Parkland, 
Brandywine Skycrest, 
Brandywine Westlake, 
Brandywine Westover, 
Brentwood Crossgate, 
Brentwood Hedingham, 
Brentwood Leesville, 
Brentwood Pinecrest, 
Brentwood Tealbriar, 
Brentwood Trailwood, 
Brentwood Woodcrest, 
Cameron Stonebridge, 
Cameron Summerfield, 
Capitol Stonebridge, 
Capitol Summerfield, 
Carolina Government, 
Carolina Manchester, 
Carolina Plantation, 
Carolina Stonehenge, 
Carolina Thorpshire, 
Carolina Timberlake, 
Carolina Tysonville, 
Coachmans Crossgate, 
Coachmans Hedingham, 
Coachmans Leesville, 
Coachmans Pinecrest, 
Coachmans Tealbriar, 
Coachmans Trailwood, 
Coachmans Woodcrest, 
Country Stonebridge, 
Country Summerfield, 
Crabtree Government, 
Crabtree Manchester, 
Crabtree Plantation, 
Crabtree Stonehenge, 
Crabtree Thorpshire, 
Crabtree Timberlake, 
Crabtree Tysonville, 
Crossgate Crossgate, 
Crossgate Hedingham, 
Crossgate Leesville, 
Crossgate Pinecrest, 
Crossgate Tealbriar, 
Crossgate Trailwood, 
Crossgate Woodcrest, 
Dominion Government, 
Dominion Manchester, 
Dominion Plantation, 
Dominion Stonehenge, 
Dominion Thorpshire, 
Dominion Timberlake, 
Dominion Tysonville, 
Fairfax Stonebridge, 
Fairfax Summerfield, 
Fayetteville Asbury, 
Fayetteville Barton, 
Fayetteville Bridge, 
Fayetteville Church, 
Fayetteville Forest, 
Fayetteville Hollow, 
Fayetteville Pointe, 
Fayetteville Square, 
Fayetteville Street, 
Fayetteville Valley, 
Glenwood Government, 
Glenwood Manchester, 
Glenwood Plantation, 
Glenwood Stonehenge, 
Glenwood Thorpshire, 
Glenwood Timberlake, 
Glenwood Tysonville, 
Hedingham Crossgate, 
Hedingham Hedingham, 
Hedingham Leesville, 
Hedingham Pinecrest, 
Hedingham Tealbriar, 
Hedingham Trailwood, 
Hedingham Woodcrest, 
Hi-Mount Government, 
Hi-Mount Manchester, 
Hi-Mount Plantation, 
Hi-Mount Stonehenge, 
Hi-Mount Thorpshire, 
Hi-Mount Timberlake, 
Hi-Mount Tysonville, 
Hickory Stonebridge, 
Hickory Summerfield, 
Historic Government, 
Historic Manchester, 
Historic Plantation, 
Historic Stonehenge, 
Historic Thorpshire, 
Historic Timberlake, 
Historic Tysonville, 
Lakemont Government, 
Lakemont Manchester, 
Lakemont Plantation, 
Lakemont Stonehenge, 
Lakemont Thorpshire, 
Lakemont Timberlake, 
Lakemont Tysonville, 
Leesville Crossgate, 
Leesville Hedingham, 
Leesville Leesville, 
Leesville Pinecrest, 
Leesville Tealbriar, 
Leesville Trailwood, 
Leesville Woodcrest, 
Longview Government, 
Longview Manchester, 
Longview Plantation, 
Longview Stonehenge, 
Longview Thorpshire, 
Longview Timberlake, 
Longview Tysonville, 
Madonna Stonebridge, 
Madonna Summerfield, 
Manchester Avalaire, 
Manchester Carolina, 
Manchester District, 
Manchester Hi-Mount, 
Manchester Lakemont, 
Manchester Medfield, 
Manchester Parkland, 
Manchester Skycrest, 
Manchester Westlake, 
Manchester Westover, 
Medfield Government, 
Medfield Manchester, 
Medfield Plantation, 
Medfield Stonehenge, 
Medfield Thorpshire, 
Medfield Timberlake, 
Medfield Tysonville, 
Millbrook Crossgate, 
Millbrook Hedingham, 
Millbrook Leesville, 
Millbrook Pinecrest, 
Millbrook Tealbriar, 
Millbrook Trailwood, 
Millbrook Woodcrest, 
Mordecai Government, 
Mordecai Manchester, 
Mordecai Plantation, 
Mordecai Stonehenge, 
Mordecai Thorpshire, 
Mordecai Timberlake, 
Mordecai Tysonville, 
Parkland Government, 
Parkland Manchester, 
Parkland Plantation, 
Parkland Stonehenge, 
Parkland Thorpshire, 
Parkland Timberlake, 
Parkland Tysonville, 
Pinecrest Crossgate, 
Pinecrest Hedingham, 
Pinecrest Leesville, 
Pinecrest Pinecrest, 
Pinecrest Tealbriar, 
Pinecrest Trailwood, 
Pinecrest Woodcrest, 
Raleigh Stonebridge, 
Raleigh Summerfield, 
Renaissance Country, 
Renaissance Estates, 
Renaissance Gardens, 
Renaissance Heights, 
Renaissance Meadows, 
Renaissance Oakwood, 
Renaissance Umstead, 
Renaissance Village, 
Renaissance Wheeler, 
Roanoke Stonebridge, 
Roanoke Summerfield, 
Rochester Crossgate, 
Rochester Hedingham, 
Rochester Leesville, 
Rochester Pinecrest, 
Rochester Tealbriar, 
Rochester Trailwood, 
Rochester Woodcrest, 
Skycrest Government, 
Skycrest Manchester, 
Skycrest Plantation, 
Skycrest Stonehenge, 
Skycrest Thorpshire, 
Skycrest Timberlake, 
Skycrest Tysonville, 
Stonebridge Country, 
Stonebridge Estates, 
Stonebridge Gardens, 
Stonebridge Heights, 
Stonebridge Meadows, 
Stonebridge Oakwood, 
Stonebridge Umstead, 
Stonebridge Village, 
Stonebridge Wheeler, 
Stonehenge Avalaire, 
Stonehenge Carolina, 
Stonehenge District, 
Stonehenge Hi-Mount, 
Stonehenge Lakemont, 
Stonehenge Medfield, 
Stonehenge Parkland, 
Stonehenge Skycrest, 
Stonehenge Westlake, 
Stonehenge Westover, 
Summerfield Country, 
Summerfield Estates, 
Summerfield Gardens, 
Summerfield Heights, 
Summerfield Meadows, 
Summerfield Oakwood, 
Summerfield Umstead, 
Summerfield Village, 
Summerfield Wheeler, 
Tadlock Stonebridge, 
Tadlock Summerfield, 
Tealbriar Crossgate, 
Tealbriar Hedingham, 
Tealbriar Leesville, 
Tealbriar Pinecrest, 
Tealbriar Tealbriar, 
Tealbriar Trailwood, 
Tealbriar Woodcrest, 
Thorpshire Avalaire, 
Thorpshire Carolina, 
Thorpshire District, 
Thorpshire Hi-Mount, 
Thorpshire Lakemont, 
Thorpshire Medfield, 
Thorpshire Parkland, 
Thorpshire Skycrest, 
Thorpshire Westlake, 
Thorpshire Westover, 
Timberlake Avalaire, 
Timberlake Carolina, 
Timberlake District, 
Timberlake Hi-Mount, 
Timberlake Lakemont, 
Timberlake Medfield, 
Timberlake Parkland, 
Timberlake Skycrest, 
Timberlake Westlake, 
Timberlake Westover, 
Trailwood Crossgate, 
Trailwood Hedingham, 
Trailwood Leesville, 
Trailwood Pinecrest, 
Trailwood Tealbriar, 
Trailwood Trailwood, 
Trailwood Woodcrest, 
Trinity Stonebridge, 
Trinity Summerfield, 
Tysonville Avalaire, 
Tysonville Carolina, 
Tysonville District, 
Tysonville Hi-Mount, 
Tysonville Lakemont, 
Tysonville Medfield, 
Tysonville Parkland, 
Tysonville Skycrest, 
Tysonville Westlake, 
Tysonville Westover, 
Umstead Stonebridge, 
Umstead Summerfield, 
University Avalaire, 
University Carolina, 
University District, 
University Hi-Mount, 
University Lakemont, 
University Medfield, 
University Parkland, 
University Skycrest, 
University Westlake, 
University Westover, 
Vanguard Government, 
Vanguard Manchester, 
Vanguard Plantation, 
Vanguard Stonehenge, 
Vanguard Thorpshire, 
Vanguard Timberlake, 
Vanguard Tysonville, 
Victoria Government, 
Victoria Manchester, 
Victoria Plantation, 
Victoria Stonehenge, 
Victoria Thorpshire, 
Victoria Timberlake, 
Victoria Tysonville, 
Village Stonebridge, 
Village Summerfield, 
Wakefield Crossgate, 
Wakefield Hedingham, 
Wakefield Leesville, 
Wakefield Pinecrest, 
Wakefield Tealbriar, 
Wakefield Trailwood, 
Wakefield Woodcrest, 
Warehouse Crossgate, 
Warehouse Hedingham, 
Warehouse Leesville, 
Warehouse Pinecrest, 
Warehouse Tealbriar, 
Warehouse Trailwood, 
Warehouse Woodcrest, 
Wayland Stonebridge, 
Wayland Summerfield, 
Westlake Government, 
Westlake Manchester, 
Westlake Plantation, 
Westlake Stonehenge, 
Westlake Thorpshire, 
Westlake Timberlake, 
Westlake Tysonville, 
Westover Government, 
Westover Manchester, 
Westover Plantation, 
Westover Stonehenge, 
Westover Thorpshire, 
Westover Timberlake, 
Westover Tysonville, 
Wilder's Crossgate, 
Wilder's Hedingham, 
Wilder's Leesville, 
Wilder's Pinecrest, 
Wilder's Tealbriar, 
Wilder's Trailwood, 
Wilder's Woodcrest, 
Woodcrest Crossgate, 
Woodcrest Hedingham, 
Woodcrest Leesville, 
Woodcrest Pinecrest, 
Woodcrest Tealbriar, 
Woodcrest Trailwood, 
Woodcrest Woodcrest, 
Anderson Stonebridge, 
Anderson Summerfield, 
Avalaire Stonebridge, 
Avalaire Summerfield, 
Belvidere Government, 
Belvidere Manchester, 
Belvidere Plantation, 
Belvidere Stonehenge, 
Belvidere Thorpshire, 
Belvidere Timberlake, 
Belvidere Tysonville, 
Biltmore Stonebridge, 
Biltmore Summerfield, 
Brandywine Crossgate, 
Brandywine Hedingham, 
Brandywine Leesville, 
Brandywine Pinecrest, 
Brandywine Tealbriar, 
Brandywine Trailwood, 
Brandywine Woodcrest, 
Brentwood Government, 
Brentwood Manchester, 
Brentwood Plantation, 
Brentwood Stonehenge, 
Brentwood Thorpshire, 
Brentwood Timberlake, 
Brentwood Tysonville, 
Carolina Stonebridge, 
Carolina Summerfield, 
Coachmans Government, 
Coachmans Manchester, 
Coachmans Plantation, 
Coachmans Stonehenge, 
Coachmans Thorpshire, 
Coachmans Timberlake, 
Coachmans Tysonville, 
Crabtree Stonebridge, 
Crabtree Summerfield, 
Crossgate Government, 
Crossgate Manchester, 
Crossgate Plantation, 
Crossgate Stonehenge, 
Crossgate Thorpshire, 
Crossgate Timberlake, 
Crossgate Tysonville, 
Dominion Stonebridge, 
Dominion Summerfield, 
Fayetteville Country, 
Fayetteville Estates, 
Fayetteville Gardens, 
Fayetteville Heights, 
Fayetteville Meadows, 
Fayetteville Oakwood, 
Fayetteville Umstead, 
Fayetteville Village, 
Fayetteville Wheeler, 
Glenwood Stonebridge, 
Glenwood Summerfield, 
Hedingham Government, 
Hedingham Manchester, 
Hedingham Plantation, 
Hedingham Stonehenge, 
Hedingham Thorpshire, 
Hedingham Timberlake, 
Hedingham Tysonville, 
Hi-Mount Stonebridge, 
Hi-Mount Summerfield, 
Historic Stonebridge, 
Historic Summerfield, 
Lakemont Stonebridge, 
Lakemont Summerfield, 
Leesville Government, 
Leesville Manchester, 
Leesville Plantation, 
Leesville Stonehenge, 
Leesville Thorpshire, 
Leesville Timberlake, 
Leesville Tysonville, 
Longview Stonebridge, 
Longview Summerfield, 
Manchester Crossgate, 
Manchester Hedingham, 
Manchester Leesville, 
Manchester Pinecrest, 
Manchester Tealbriar, 
Manchester Trailwood, 
Manchester Woodcrest, 
Medfield Stonebridge, 
Medfield Summerfield, 
Millbrook Government, 
Millbrook Manchester, 
Millbrook Plantation, 
Millbrook Stonehenge, 
Millbrook Thorpshire, 
Millbrook Timberlake, 
Millbrook Tysonville, 
Mordecai Stonebridge, 
Mordecai Summerfield, 
Parkland Stonebridge, 
Parkland Summerfield, 
Pinecrest Government, 
Pinecrest Manchester, 
Pinecrest Plantation, 
Pinecrest Stonehenge, 
Pinecrest Thorpshire, 
Pinecrest Timberlake, 
Pinecrest Tysonville, 
Renaissance Avalaire, 
Renaissance Carolina, 
Renaissance District, 
Renaissance Hi-Mount, 
Renaissance Lakemont, 
Renaissance Medfield, 
Renaissance Parkland, 
Renaissance Skycrest, 
Renaissance Westlake, 
Renaissance Westover, 
Rochester Government, 
Rochester Manchester, 
Rochester Plantation, 
Rochester Stonehenge, 
Rochester Thorpshire, 
Rochester Timberlake, 
Rochester Tysonville, 
Skycrest Stonebridge, 
Skycrest Summerfield, 
Stonebridge Avalaire, 
Stonebridge Carolina, 
Stonebridge District, 
Stonebridge Hi-Mount, 
Stonebridge Lakemont, 
Stonebridge Medfield, 
Stonebridge Parkland, 
Stonebridge Skycrest, 
Stonebridge Westlake, 
Stonebridge Westover, 
Stonehenge Crossgate, 
Stonehenge Hedingham, 
Stonehenge Leesville, 
Stonehenge Pinecrest, 
Stonehenge Tealbriar, 
Stonehenge Trailwood, 
Stonehenge Woodcrest, 
Summerfield Avalaire, 
Summerfield Carolina, 
Summerfield District, 
Summerfield Hi-Mount, 
Summerfield Lakemont, 
Summerfield Medfield, 
Summerfield Parkland, 
Summerfield Skycrest, 
Summerfield Westlake, 
Summerfield Westover, 
Tealbriar Government, 
Tealbriar Manchester, 
Tealbriar Plantation, 
Tealbriar Stonehenge, 
Tealbriar Thorpshire, 
Tealbriar Timberlake, 
Tealbriar Tysonville, 
Thorpshire Crossgate, 
Thorpshire Hedingham, 
Thorpshire Leesville, 
Thorpshire Pinecrest, 
Thorpshire Tealbriar, 
Thorpshire Trailwood, 
Thorpshire Woodcrest, 
Timberlake Crossgate, 
Timberlake Hedingham, 
Timberlake Leesville, 
Timberlake Pinecrest, 
Timberlake Tealbriar, 
Timberlake Trailwood, 
Timberlake Woodcrest, 
Trailwood Government, 
Trailwood Manchester, 
Trailwood Plantation, 
Trailwood Stonehenge, 
Trailwood Thorpshire, 
Trailwood Timberlake, 
Trailwood Tysonville, 
Tysonville Crossgate, 
Tysonville Hedingham, 
Tysonville Leesville, 
Tysonville Pinecrest, 
Tysonville Tealbriar, 
Tysonville Trailwood, 
Tysonville Woodcrest, 
University Crossgate, 
University Hedingham, 
University Leesville, 
University Pinecrest, 
University Tealbriar, 
University Trailwood, 
University Woodcrest, 
Vanguard Stonebridge, 
Vanguard Summerfield, 
Victoria Stonebridge, 
Victoria Summerfield, 
Wakefield Government, 
Wakefield Manchester, 
Wakefield Plantation, 
Wakefield Stonehenge, 
Wakefield Thorpshire, 
Wakefield Timberlake, 
Wakefield Tysonville, 
Warehouse Government, 
Warehouse Manchester, 
Warehouse Plantation, 
Warehouse Stonehenge, 
Warehouse Thorpshire, 
Warehouse Timberlake, 
Warehouse Tysonville, 
Westlake Stonebridge, 
Westlake Summerfield, 
Westover Stonebridge, 
Westover Summerfield, 
Wilder's Government, 
Wilder's Manchester, 
Wilder's Plantation, 
Wilder's Stonehenge, 
Wilder's Thorpshire, 
Wilder's Timberlake, 
Wilder's Tysonville, 
Woodcrest Government, 
Woodcrest Manchester, 
Woodcrest Plantation, 
Woodcrest Stonehenge, 
Woodcrest Thorpshire, 
Woodcrest Timberlake, 
Woodcrest Tysonville, 
Belvidere Stonebridge, 
Belvidere Summerfield, 
Brandywine Government, 
Brandywine Manchester, 
Brandywine Plantation, 
Brandywine Stonehenge, 
Brandywine Thorpshire, 
Brandywine Timberlake, 
Brandywine Tysonville, 
Brentwood Stonebridge, 
Brentwood Summerfield, 
Coachmans Stonebridge, 
Coachmans Summerfield, 
Crossgate Stonebridge, 
Crossgate Summerfield, 
Fayetteville Avalaire, 
Fayetteville Carolina, 
Fayetteville District, 
Fayetteville Hi-Mount, 
Fayetteville Lakemont, 
Fayetteville Medfield, 
Fayetteville Parkland, 
Fayetteville Skycrest, 
Fayetteville Westlake, 
Fayetteville Westover, 
Hedingham Stonebridge, 
Hedingham Summerfield, 
Leesville Stonebridge, 
Leesville Summerfield, 
Manchester Government, 
Manchester Manchester, 
Manchester Plantation, 
Manchester Stonehenge, 
Manchester Thorpshire, 
Manchester Timberlake, 
Manchester Tysonville, 
Millbrook Stonebridge, 
Millbrook Summerfield, 
Pinecrest Stonebridge, 
Pinecrest Summerfield, 
Renaissance Crossgate, 
Renaissance Hedingham, 
Renaissance Leesville, 
Renaissance Pinecrest, 
Renaissance Tealbriar, 
Renaissance Trailwood, 
Renaissance Woodcrest, 
Rochester Stonebridge, 
Rochester Summerfield, 
Stonebridge Crossgate, 
Stonebridge Hedingham, 
Stonebridge Leesville, 
Stonebridge Pinecrest, 
Stonebridge Tealbriar, 
Stonebridge Trailwood, 
Stonebridge Woodcrest, 
Stonehenge Government, 
Stonehenge Manchester, 
Stonehenge Plantation, 
Stonehenge Stonehenge, 
Stonehenge Thorpshire, 
Stonehenge Timberlake, 
Stonehenge Tysonville, 
Summerfield Crossgate, 
Summerfield Hedingham, 
Summerfield Leesville, 
Summerfield Pinecrest, 
Summerfield Tealbriar, 
Summerfield Trailwood, 
Summerfield Woodcrest, 
Tealbriar Stonebridge, 
Tealbriar Summerfield, 
Thorpshire Government, 
Thorpshire Manchester, 
Thorpshire Plantation, 
Thorpshire Stonehenge, 
Thorpshire Thorpshire, 
Thorpshire Timberlake, 
Thorpshire Tysonville, 
Timberlake Government, 
Timberlake Manchester, 
Timberlake Plantation, 
Timberlake Stonehenge, 
Timberlake Thorpshire, 
Timberlake Timberlake, 
Timberlake Tysonville, 
Trailwood Stonebridge, 
Trailwood Summerfield, 
Tysonville Government, 
Tysonville Manchester, 
Tysonville Plantation, 
Tysonville Stonehenge, 
Tysonville Thorpshire, 
Tysonville Timberlake, 
Tysonville Tysonville, 
University Government, 
University Manchester, 
University Plantation, 
University Stonehenge, 
University Thorpshire, 
University Timberlake, 
University Tysonville, 
Wakefield Stonebridge, 
Wakefield Summerfield, 
Warehouse Stonebridge, 
Warehouse Summerfield, 
Wilder's Stonebridge, 
Wilder's Summerfield, 
Woodcrest Stonebridge, 
Woodcrest Summerfield, 
Brandywine Stonebridge, 
Brandywine Summerfield, 
Fayetteville Crossgate, 
Fayetteville Hedingham, 
Fayetteville Leesville, 
Fayetteville Pinecrest, 
Fayetteville Tealbriar, 
Fayetteville Trailwood, 
Fayetteville Woodcrest, 
Manchester Stonebridge, 
Manchester Summerfield, 
Renaissance Government, 
Renaissance Manchester, 
Renaissance Plantation, 
Renaissance Stonehenge, 
Renaissance Thorpshire, 
Renaissance Timberlake, 
Renaissance Tysonville, 
Stonebridge Government, 
Stonebridge Manchester, 
Stonebridge Plantation, 
Stonebridge Stonehenge, 
Stonebridge Thorpshire, 
Stonebridge Timberlake, 
Stonebridge Tysonville, 
Stonehenge Stonebridge, 
Stonehenge Summerfield, 
Summerfield Government, 
Summerfield Manchester, 
Summerfield Plantation, 
Summerfield Stonehenge, 
Summerfield Thorpshire, 
Summerfield Timberlake, 
Summerfield Tysonville, 
Thorpshire Stonebridge, 
Thorpshire Summerfield, 
Timberlake Stonebridge, 
Timberlake Summerfield, 
Tysonville Stonebridge, 
Tysonville Summerfield, 
University Stonebridge, 
University Summerfield, 
Fayetteville Government, 
Fayetteville Manchester, 
Fayetteville Plantation, 
Fayetteville Stonehenge, 
Fayetteville Thorpshire, 
Fayetteville Timberlake, 
Fayetteville Tysonville, 
Renaissance Stonebridge, 
Renaissance Summerfield, 
Stonebridge Stonebridge, 
Stonebridge Summerfield, 
Summerfield Stonebridge, 
Summerfield Summerfield, 
Fayetteville Stonebridge, 
Fayetteville Summerfield
